Sample_location,Sample_type_1,Sample name,Media_type,Treatment,Sample_type_2
1,sponge,114A-1,ISP2M50,heat_shock,Marine_water
1,sponge,114A-2,ISP2M50,heat_shock,Marine_water
1,sponge,114A-3,NZSGM,heat_shock,Marine_water
1,sponge,114A-4,SWA,heat_shock,Marine_water
1,algae,114B-1,A1M50,heat_shock,Marine_water
1,algae,114B-2,A1M50,heat_shock,Marine_water
1,algae,114B-4,ISP2M50,heat_shock,Marine_water
1,algae,114B-5-Aeromicrobium fastidiosum,NZSGM,heat_shock,Marine_water
1,algae,114B-6,SWA,heat_shock,Marine_water
1,algae,114B-7,SWA,heat_shock,Marine_water
1,algae,114B-8,SWA,heat_shock,Marine_water
1,algae,114B-9,SWA,heat_shock,Marine_water
1,algae,114B-10,NZSGM,heat_shock,Marine_water
1,sediment,114C-1,ISP2M50,heat_shock,Marine_water
1,sediment,114C-2,ISP2M50,heat_shock,Marine_water
1,sediment,114C-3,ISP2M50,heat_shock,Marine_water
1,sediment,114C-4,ISP2M50,heat_shock,Marine_water
1,sediment,114C-5,NZSGM,heat_shock,Marine_water
1,sediment,114C-6,Chitin,heat_shock,Marine_water
1,algae,114D-1,A1M50,heat_shock,Marine_water
1,algae,114D-2,A1M50,heat_shock,Marine_water
1,algae,114D-3,A1M50,heat_shock,Marine_water
1,water,1.14E+01,SWA,no_heat_shock,Marine_water
1,water,1.14E-01,A1M50,no_heat_shock,Marine_water
1,water,1.14E-02,A1M50,no_heat_shock,Marine_water
1,water,1.14E-03,ISP2M50,no_heat_shock,Marine_water
1,water,1.14E-04,A1M50,no_heat_shock,Marine_water
1,water,1.14E-05,A1M50,no_heat_shock,Marine_water
2,sea_urchin_eggs,115A-1,A1M50,no_heat_shock,Marine_water
2,sea_urchin_eggs,115A-2,A1M50,no_heat_shock,Marine_water
2,sea_urchin_eggs,115A-3,A1M50,no_heat_shock,Marine_water
2,sea_urchin_eggs,115A-4,A1M50,no_heat_shock,Marine_water
2,sea_urchin_eggs,115A-5,A1M50,no_heat_shock,Marine_water
2,sediment,115B-1,ISP2M50,heat_shock,Marine_water
2,sediment,115B-2,ISP2M50,heat_shock,Marine_water
2,sediment,115B-3,ISP2M50,heat_shock,Marine_water
2,sediment,115B-4,ISP2M50,heat_shock,Marine_water
2,sediment,115B-5,ISP2M50,heat_shock,Marine_water
2,sediment,115B-6,ISP2M50,heat_shock,Marine_water
2,sediment,115B-7,ISP2M50,heat_shock,Marine_water
2,sediment,115B-8,A1M50,heat_shock,Marine_water
2,sediment,115B-9,NZSGM,heat_shock,Marine_water
2,sediment,115B-10,NZSGM,heat_shock,Marine_water
2,sediment,115B-11,SWA,heat_shock,Marine_water
2,sediment,115B-12,Chitin,heat_shock,Marine_water
2,sediment,115B-13,Chitin,heat_shock,Marine_water
2,sediment,115C-1,NZSGM,heat_shock,Marine_water
2,sediment,115D-1-Bacillus clausii,ISP2M50,heat_shock,Marine_water
2,sediment,115D-2,ISP2M50,heat_shock,Marine_water
2,sediment,115D-3,SWA,heat_shock,Marine_water
2,sediment,1.15E+01,NZSGM,heat_shock,Marine_water
2,sediment,115-2,NZSGM,heat_shock,Marine_water
3,algae,116A-1,A1F50,heat_shock,Freshwater
3,algae,116B-1,Chitin,heat_shock,Freshwater
3,algae,116B-2,A1F50,heat_shock,Freshwater
3,algae,116B-3,A1F50,heat_shock,Freshwater
3,algae,116B-4,A1F50,heat_shock,Freshwater
3,algae,116B-5,A1F50,heat_shock,Freshwater
3,algae,116B-6,A1F50,heat_shock,Freshwater
3,algae,116B-7,A1F50,heat_shock,Freshwater
3,algae,116B-8,A1F50,heat_shock,Freshwater
3,algae,116B-9,A1F50,heat_shock,Freshwater
3,algae,116B-10,A1F50,heat_shock,Freshwater
3,algae,116B-11,A1F50,heat_shock,Freshwater
3,algae,116B-12,A1F50,heat_shock,Freshwater
3,algae,116B-13,A1F50,heat_shock,Freshwater
3,algae,116B-14,A1F50,heat_shock,Freshwater
3,algae,116B-15,A1F50,heat_shock,Freshwater
3,algae,116B-16,A1F50,heat_shock,Freshwater
3,algae,116B-17,A1F50,heat_shock,Freshwater
3,algae,116B-18,A1F50,heat_shock,Freshwater
3,algae,116B-19,A1F50,heat_shock,Freshwater
3,algae,116B-20,A1F50,heat_shock,Freshwater
3,algae,116B-21,A1F50,heat_shock,Freshwater
3,algae,116B-22,A1F50,heat_shock,Freshwater
3,algae,116B-23,A1F50,heat_shock,Freshwater
3,algae,116B-24,A1F50,heat_shock,Freshwater
3,algae,116B-25,A1F50,heat_shock,Freshwater
3,algae,116B-26,A1F50,heat_shock,Freshwater
3,algae,116B-27,A1F50,heat_shock,Freshwater
3,algae,116B-28,A1F50,heat_shock,Freshwater
3,algae,116B-29,A1F50,heat_shock,Freshwater
3,algae,116B-30,A1F50,heat_shock,Freshwater
3,algae,116B-31,A1F50,heat_shock,Freshwater
3,algae,116B-32,A1F50,heat_shock,Freshwater
3,algae,116B-33,A1F50,heat_shock,Freshwater
3,algae,116B-34,A1F50,heat_shock,Freshwater
3,algae,116B-35,A1F50,heat_shock,Freshwater
3,algae,116B-36,A1F50,heat_shock,Freshwater
3,algae,116B-37,A1F50,heat_shock,Freshwater
3,algae,116B-38,A1F50,heat_shock,Freshwater
3,algae,116B-39,A1F50,heat_shock,Freshwater
3,algae,116B-40-Paenibacillus sp.,A1F50,heat_shock,Freshwater
3,algae,116B-41,A1F50,heat_shock,Freshwater
3,algae,116B-42,A1F50,heat_shock,Freshwater
3,algae,116B-43,A1F50,heat_shock,Freshwater
3,algae,116B-44,A1F50,heat_shock,Freshwater
3,algae,116B-45-Paenibacillus sp.,A1F50,heat_shock,Freshwater
3,algae,116B-46,A1F50,heat_shock,Freshwater
3,algae,116B-47,A1F50,heat_shock,Freshwater
3,algae,116B-48,A1F50,heat_shock,Freshwater
3,algae,116B-49,A1F50,heat_shock,Freshwater
3,algae,116B-50,A1F50,heat_shock,Freshwater
3,algae,116B-51,A1F50,heat_shock,Freshwater
3,algae,116B-52,A1F50,heat_shock,Freshwater
3,algae,116B-53,A1F50,heat_shock,Freshwater
3,algae,116B-54,A1F50,heat_shock,Freshwater
3,algae,116B-55,A1F50,heat_shock,Freshwater
3,algae,116B-56,A1F50,heat_shock,Freshwater
3,algae,116B-57,A1F50,heat_shock,Freshwater
3,algae,116B-58,A1F50,heat_shock,Freshwater
3,algae,116B-59,A1F50,heat_shock,Freshwater
3,algae,116B-60,A1F50,heat_shock,Freshwater
3,algae,116C-1-Arthrobacter gandavensis,NZSGF,heat_shock,Freshwater
3,algae,116C-2,NZSGF,heat_shock,Freshwater
3,sediment,116D-1,ISP2F50,heat_shock,Freshwater
3,sediment,116D-2,A1F50,heat_shock,Freshwater
3,sediment,1.16E+01,LWA,heat_shock,Freshwater
3,sediment,1.16E+00,Chitin,heat_shock,Freshwater
3,sediment,1.16E-01,Chitin,heat_shock,Freshwater
3,sediment,116F-1,Chitin,heat_shock,Freshwater
3,sediment,116F-2-Micrococcus luteus,Chitin,heat_shock,Freshwater
3,sediment,116F-3,Chitin,heat_shock,Freshwater
3,sediment,116F-4,Chitin,heat_shock,Freshwater
3,sediment,116F-5,Chitin,heat_shock,Freshwater
3,sediment,116F-6-Micrococcus sp.,Chitin,heat_shock,Freshwater
3,sediment,116F-7,Chitin,heat_shock,Freshwater
3,sediment,116F-8,Chitin,heat_shock,Freshwater
3,sediment,116F-9,Chitin,heat_shock,Freshwater
3,sediment,116F-10,NZSGF,heat_shock,Freshwater
3,sediment,116F-11,A1F50,heat_shock,Freshwater
3,sediment,116F-12,ISP2F50,heat_shock,Freshwater
3,sediment,116F-13,ISP2F50,heat_shock,Freshwater
3,sediment,116G-1,NZSGF,heat_shock,Freshwater
3,sediment,116G-2,ISP2F50,heat_shock,Freshwater
3,sediment,116G-3,ISP2F50,heat_shock,Freshwater
3,sediment,116G-4,A1F50,heat_shock,Freshwater
3,sediment,116G-5,A1F50,heat_shock,Freshwater
3,sediment,116G-6,A1F50,heat_shock,Freshwater
3,sediment,116G-7,A1F50,heat_shock,Freshwater
3,sediment,116G-8-Bacillus sp.,LWA,heat_shock,Freshwater
3,sediment,116H-1,ISP2F50,heat_shock,Freshwater
3,sediment,116H-2,ISP2F50,heat_shock,Freshwater
3,sediment,116H-3,ISP2F50,heat_shock,Freshwater
3,sediment,116H-4,ISP2F50,heat_shock,Freshwater
3,sediment,116H-5,ISP2F50,heat_shock,Freshwater
3,sediment,116H-6,ISP2F50,heat_shock,Freshwater
3,sediment,116H-7,ISP2F50,heat_shock,Freshwater
3,sediment,116H-8-Bacillus sp.,ISP2F50,heat_shock,Freshwater
3,sediment,116H-9,ISP2F50,heat_shock,Freshwater
3,sediment,116H-10,ISP2F50,heat_shock,Freshwater
3,sediment,116H-11,A1F50,heat_shock,Freshwater
3,sediment,116H-12-Streptomyces sp.,A1F50,heat_shock,Freshwater
3,sediment,116H-13,A1F50,heat_shock,Freshwater
3,sediment,116H-14,LWA,heat_shock,Freshwater
3,sediment,116H-15,LWA,heat_shock,Freshwater
3,sediment,116H-16,LWA,heat_shock,Freshwater
3,sediment,116H-17,Chitin,heat_shock,Freshwater
3,sediment,116H-18-Oerskovia sp.,Chitin,heat_shock,Freshwater
3,sediment,116H-19,NZSGF,heat_shock,Freshwater
3,sediment,116H-20,NZSGF,heat_shock,Freshwater
3,sediment,116H-21,ISP2F50,heat_shock,Freshwater
3,sediment,116H-22,LWA,heat_shock,Freshwater
3,sediment,116H-23,LWA,heat_shock,Freshwater
4,sediment,117A-1,LWA,heat_shock,Freshwater
4,sediment,117A-2,ISP2F50,heat_shock,Freshwater
4,sediment,117A-3,ISP2F50,heat_shock,Freshwater
4,sediment,117A-4,ISP2F50,heat_shock,Freshwater
4,sediment,117A-5,ISP2F50,heat_shock,Freshwater
4,sediment,117A-6,ISP2F50,heat_shock,Freshwater
4,sediment,117A-7,ISP2F50,heat_shock,Freshwater
4,sediment,117A-8,A1F50,heat_shock,Freshwater
4,algae,117C-1-Micrococcus luteus,Chitin,heat_shock,Freshwater
4,algae,117C-2,ISP2F50,heat_shock,Freshwater
4,algae,117C-3,NZSGF,heat_shock,Freshwater
4,algae,117C-4,NZSGF,heat_shock,Freshwater
4,algae,117C-6,NZSGF,heat_shock,Freshwater
4,sediment,117D-1,A1F50,heat_shock,Freshwater
4,sediment,117D-2,A1F50,heat_shock,Freshwater
4,sediment,117D-3,A1F50,heat_shock,Freshwater
4,sediment,117D-4-Paenibacillus sp.,A1F50,heat_shock,Freshwater
4,sediment,117D-5,A1F50,heat_shock,Freshwater
4,sediment,117D-6,NZSGF,heat_shock,Freshwater
4,sediment,117D-7,ISP2F50,heat_shock,Freshwater
4,sediment,117D-8,ISP2F50,heat_shock,Freshwater
4,sediment,117D-9,ISP2F50,heat_shock,Freshwater
4,sediment,117D-10,ISP2F50,heat_shock,Freshwater
4,sediment,1.17E+01,LWA,heat_shock,Freshwater
4,sediment,1.17E+00,LWA,heat_shock,Freshwater
4,sediment,1.17E-01,LWA,heat_shock,Freshwater
4,sediment,117F-1-Kocuria palustris,A1F50,heat_shock,Freshwater
4,sediment,117F-2,ISP2F50,heat_shock,Freshwater
4,sediment,117G-1,A1F50,heat_shock,Freshwater
4,sediment,117G-2,NZSGF,heat_shock,Freshwater
4,sediment,117G-3,Chitin,heat_shock,Freshwater
4,sediment,117G-4,Chitin,heat_shock,Freshwater
4,sediment,117G-5,Chitin,heat_shock,Freshwater
4,sediment,117G-6,Chitin,heat_shock,Freshwater
4,sediment,117G-7,Chitin,heat_shock,Freshwater
4,sediment,117G-8,Chitin,heat_shock,Freshwater
4,sediment,117G-9,Chitin,heat_shock,Freshwater
4,sediment,117G-10,Chitin,heat_shock,Freshwater
4,sediment,117G-11,Chitin,heat_shock,Freshwater
4,sediment,117G-12,Chitin,heat_shock,Freshwater
4,sediment,117G-13,Chitin,heat_shock,Freshwater
4,sediment,117G-14-Micrococcus sp.,Chitin,heat_shock,Freshwater
4,sediment,117G-15,LWA,heat_shock,Freshwater
4,sediment,117G-16-Arthrobacter sp.,LWA,heat_shock,Freshwater
4,sediment,117G-17,LWA,heat_shock,Freshwater
4,sediment,117G-18,LWA,heat_shock,Freshwater
4,sediment,117G-19,LWA,heat_shock,Freshwater
4,sediment,117G-20,LWA,heat_shock,Freshwater
4,sediment,117G-21,LWA,heat_shock,Freshwater
4,sediment,117G-22,LWA,heat_shock,Freshwater
4,sediment,117G-23,LWA,heat_shock,Freshwater
4,sediment,117G-24,LWA,heat_shock,Freshwater
4,sediment,117G-25,LWA,heat_shock,Freshwater
4,sediment,117G-26,LWA,heat_shock,Freshwater
4,sediment,117G-27,LWA,heat_shock,Freshwater
4,sediment,117G-28,LWA,heat_shock,Freshwater
4,sediment,117G-29,LWA,heat_shock,Freshwater
4,sediment,117G-30,LWA,heat_shock,Freshwater
4,sediment,117G-31,LWA,heat_shock,Freshwater
4,sediment,117G-32,LWA,heat_shock,Freshwater
4,sediment,117G-33,LWA,heat_shock,Freshwater
4,sediment,117G-34,LWA,heat_shock,Freshwater
4,sediment,117G-35-Arthrobacter sp.,LWA,heat_shock,Freshwater
4,sediment,117G-36,LWA,heat_shock,Freshwater
4,sediment,117G-37,LWA,heat_shock,Freshwater
4,sediment,117G-38,LWA,heat_shock,Freshwater
4,sediment,117H-1,NZSGF,heat_shock,Freshwater
4,sediment,117H-2,NZSGF,heat_shock,Freshwater
4,sediment,117H-3-Micrococcus sp.,NZSGF,heat_shock,Freshwater
4,sediment,117H-4,NZSGF,heat_shock,Freshwater
4,sediment,117H-5,NZSGF,heat_shock,Freshwater
4,sediment,117H-6,NZSGF,heat_shock,Freshwater
4,sediment,117H-7-Staphylococcus succinus,NZSGF,heat_shock,Freshwater
4,sediment,117H-8,NZSGF,heat_shock,Freshwater
4,sediment,117H-9,NZSGF,heat_shock,Freshwater
4,sediment,117H-10,A1F50,heat_shock,Freshwater
4,sediment,117H-11,A1F50,heat_shock,Freshwater
4,sediment,117H-12,A1F50,heat_shock,Freshwater
4,sediment,117H-13,A1F50,heat_shock,Freshwater
4,sediment,117H-14-Microbacterium sp.,A1F50,heat_shock,Freshwater
4,sediment,117H-15,A1F50,heat_shock,Freshwater
4,sediment,117H-16,A1F50,heat_shock,Freshwater
4,sediment,117H-17,A1F50,heat_shock,Freshwater
4,sediment,117H-18,A1F50,heat_shock,Freshwater
4,sediment,117H-19-Microbacterium sp.,A1F50,heat_shock,Freshwater
4,sediment,117H-20,A1F50,heat_shock,Freshwater
4,sediment,117H-21,A1F50,heat_shock,Freshwater
4,sediment,117H-22,A1F50,heat_shock,Freshwater
4,sediment,117H-23,A1F50,heat_shock,Freshwater
4,sediment,117H-24,A1F50,heat_shock,Freshwater
4,sediment,117H-25,A1F50,heat_shock,Freshwater
4,sediment,117H-26,A1F50,heat_shock,Freshwater
4,sediment,117H-27,A1F50,heat_shock,Freshwater
4,sediment,117H-28,A1F50,heat_shock,Freshwater
4,sediment,117H-29,A1F50,heat_shock,Freshwater
4,sediment,117H-30,A1F50,heat_shock,Freshwater
4,sediment,117H-31,ISP2F50,heat_shock,Freshwater
4,sediment,117H-32,ISP2F50,heat_shock,Freshwater
4,sediment,117H-33,ISP2F50,heat_shock,Freshwater
4,sediment,117H-34,ISP2F50,heat_shock,Freshwater
4,sediment,117H-35,ISP2F50,heat_shock,Freshwater
4,sediment,117H-36,ISP2F50,heat_shock,Freshwater
4,sediment,117H-37,ISP2F50,heat_shock,Freshwater
4,sediment,117H-38,ISP2F50,heat_shock,Freshwater
4,sediment,117H-39,ISP2F50,heat_shock,Freshwater
4,sediment,117H-40,ISP2F50,heat_shock,Freshwater
4,sediment,117H-41,ISP2F50,heat_shock,Freshwater
4,sediment,117H-42,ISP2F50,heat_shock,Freshwater
4,sediment,117H-43,ISP2F50,heat_shock,Freshwater
4,sediment,117H-44,ISP2F50,heat_shock,Freshwater
4,sediment,117H-45,ISP2F50,heat_shock,Freshwater
4,sediment,117H-46,ISP2F50,heat_shock,Freshwater
4,sediment,117H-47,LWA,heat_shock,Freshwater
4,sediment,117H-48,LWA,heat_shock,Freshwater
4,sediment,117H-49,LWA,heat_shock,Freshwater
4,sediment,117H-50,LWA,heat_shock,Freshwater
4,sediment,117H-51,LWA,heat_shock,Freshwater
4,sediment,117H-52,LWA,heat_shock,Freshwater
4,sediment,117H-53,LWA,heat_shock,Freshwater
4,sediment,117H-54,LWA,heat_shock,Freshwater
4,sediment,117H-55,LWA,heat_shock,Freshwater
4,sediment,117H-56,LWA,heat_shock,Freshwater
4,sediment,117H-57,LWA,heat_shock,Freshwater
4,sediment,117H-58,LWA,heat_shock,Freshwater
4,sediment,117H-59,LWA,heat_shock,Freshwater
4,sediment,117H-60,LWA,heat_shock,Freshwater
4,sediment,117H-61,LWA,heat_shock,Freshwater
4,sediment,117H-62,LWA,heat_shock,Freshwater
4,sediment,117H-63,LWA,heat_shock,Freshwater
4,sediment,117H-64,LWA,heat_shock,Freshwater
4,sediment,117H-65,LWA,heat_shock,Freshwater
4,sediment,117H-66,LWA,heat_shock,Freshwater
4,sediment,117H-67,LWA,heat_shock,Freshwater
4,sediment,117H-68,LWA,heat_shock,Freshwater
4,sediment,117H-69,LWA,heat_shock,Freshwater
4,sediment,117H-70,LWA,heat_shock,Freshwater
4,sediment,117H-71,LWA,heat_shock,Freshwater
4,sediment,117H-72,Chitin,heat_shock,Freshwater
4,sediment,117H-73,Chitin,heat_shock,Freshwater
4,sediment,117H-74,Chitin,heat_shock,Freshwater
4,sediment,117H-75,Chitin,heat_shock,Freshwater
4,sediment,117H-76,Chitin,heat_shock,Freshwater
4,sediment,117H-77,Chitin,heat_shock,Freshwater
4,sediment,117H-78,Chitin,heat_shock,Freshwater
4,sediment,117H-79,Chitin,heat_shock,Freshwater
4,sediment,117H-80,Chitin,heat_shock,Freshwater
4,sediment,117H-81,Chitin,heat_shock,Freshwater
4,sediment,117H-82,Chitin,heat_shock,Freshwater
4,sediment,117H-83,Chitin,heat_shock,Freshwater
4,sediment,117H-84,Chitin,heat_shock,Freshwater
4,sediment,117H-85,Chitin,heat_shock,Freshwater
4,sediment,117H-86,Chitin,heat_shock,Freshwater
4,sediment,117H-87,Chitin,heat_shock,Freshwater
4,sediment,117H-88,Chitin,heat_shock,Freshwater
4,sediment,117H-89,Chitin,heat_shock,Freshwater
4,sediment,117H-90,Chitin,heat_shock,Freshwater
4,sediment,117H-91,Chitin,heat_shock,Freshwater
4,sediment,117I-1,NZSGF,heat_shock,Freshwater
4,sediment,117I-2,ISP2F50,heat_shock,Freshwater
4,sediment,117J-1,LWA,heat_shock,Freshwater
4,sediment,117J-2,LWA,heat_shock,Freshwater
5,sediment,118A-1- Bacillus licheniformis,A1M50,heat_shock,Marine_water
5,sediment,118A-2,NZSGM,heat_shock,Marine_water
5,sediment,118A-3,NZSGM,heat_shock,Marine_water
5,algae,118B-1,NZSGM,heat_shock,Marine_water
5,algae,118B-2,NZSGM,heat_shock,Marine_water
5,algae,118B-3,NZSGM,heat_shock,Marine_water
5,algae,118B-4,NZSGM,heat_shock,Marine_water
5,algae,118B-5,NZSGM,heat_shock,Marine_water
5,algae,118B-6,NZSGM,heat_shock,Marine_water
5,algae,118B-7,NZSGM,heat_shock,Marine_water
5,algae,118B-8,NZSGM,heat_shock,Marine_water
5,algae,118B-9,NZSGM,heat_shock,Marine_water
5,algae,118B-10,NZSGM,heat_shock,Marine_water
5,algae,118B-11,NZSGM,heat_shock,Marine_water
5,algae,118B-12,NZSGM,heat_shock,Marine_water
5,algae,118B-13,NZSGM,heat_shock,Marine_water
5,algae,118B-14,NZSGM,heat_shock,Marine_water
5,algae,118B-15,NZSGM,heat_shock,Marine_water
5,algae,118B-16,NZSGM,heat_shock,Marine_water
5,algae,118B-17,NZSGM,heat_shock,Marine_water
5,algae,118B-18,NZSGM,heat_shock,Marine_water
5,algae,118B-19,NZSGM,heat_shock,Marine_water
5,algae,118B-20,NZSGM,heat_shock,Marine_water
5,algae,118B-21,NZSGM,heat_shock,Marine_water
5,algae,118B-22,NZSGM,heat_shock,Marine_water
5,algae,118B-23,NZSGM,heat_shock,Marine_water
5,algae,118B-24,ISP2M50,heat_shock,Marine_water
5,algae,118B-25,ISP2M50,heat_shock,Marine_water
5,algae,118B-26,ISP2M50,heat_shock,Marine_water
5,algae,118B-27,ISP2M50,heat_shock,Marine_water
5,algae,118B-28,ISP2M50,heat_shock,Marine_water
5,algae,118B-29,ISP2M50,heat_shock,Marine_water
5,algae,118B-30,ISP2M50,heat_shock,Marine_water
5,algae,118B-31,ISP2M50,heat_shock,Marine_water
5,algae,118B-32,ISP2M50,heat_shock,Marine_water
5,algae,118B-33,ISP2M50,heat_shock,Marine_water
5,algae,118B-34,ISP2M50,heat_shock,Marine_water
5,algae,118B-35,ISP2M50,heat_shock,Marine_water
5,algae,118B-36-Maribacter sp.,ISP2M50,heat_shock,Marine_water
5,algae,118B-37,ISP2M50,heat_shock,Marine_water
5,algae,118B-38,ISP2M50,heat_shock,Marine_water
5,algae,118B-39,ISP2M50,heat_shock,Marine_water
5,algae,118B-40,ISP2M50,heat_shock,Marine_water
5,algae,118B-41,ISP2M50,heat_shock,Marine_water
5,algae,118B-42,ISP2M50,heat_shock,Marine_water
5,algae,118B-43,ISP2M50,heat_shock,Marine_water
5,algae,118B-44,ISP2M50,heat_shock,Marine_water
5,algae,118B-45,ISP2M50,heat_shock,Marine_water
5,algae,118B-46,ISP2M50,heat_shock,Marine_water
5,algae,118B-47,A1M50,heat_shock,Marine_water
5,algae,118B-48,A1M50,heat_shock,Marine_water
5,algae,118B-49,A1M50,heat_shock,Marine_water
5,algae,118B-50,A1M50,heat_shock,Marine_water
5,algae,118B-51,A1M50,heat_shock,Marine_water
5,algae,118B-52,A1M50,heat_shock,Marine_water
5,algae,118B-53,A1M50,heat_shock,Marine_water
5,algae,118B-54,A1M50,heat_shock,Marine_water
5,algae,118B-55,A1M50,heat_shock,Marine_water
5,algae,118B-56,A1M50,heat_shock,Marine_water
5,algae,118B-57,A1M50,heat_shock,Marine_water
5,algae,118B-58,A1M50,heat_shock,Marine_water
5,algae,118B-59,A1M50,heat_shock,Marine_water
5,algae,118B-60,SWA,heat_shock,Marine_water
5,algae,118B-61,SWA,heat_shock,Marine_water
5,algae,118B-62,SWA,heat_shock,Marine_water
5,algae,118B-63,SWA,heat_shock,Marine_water
5,algae,118B-64,SWA,heat_shock,Marine_water
5,algae,118B-65,SWA,heat_shock,Marine_water
5,algae,118B-66,SWA,heat_shock,Marine_water
5,algae,118B-67,SWA,heat_shock,Marine_water
5,algae,118B-68,SWA,heat_shock,Marine_water
5,algae,118B-69,SWA,heat_shock,Marine_water
5,algae,118B-70,SWA,heat_shock,Marine_water
5,algae,118B-71,SWA,heat_shock,Marine_water
5,algae,118B-72,SWA,heat_shock,Marine_water
5,algae,118B-73,SWA,heat_shock,Marine_water
5,algae,118B-74,SWA,heat_shock,Marine_water
5,algae,118B-75,SWA,heat_shock,Marine_water
5,algae,118B-76,SWA,heat_shock,Marine_water
5,algae,118B-77,SWA,heat_shock,Marine_water
5,algae,118B-78,SWA,heat_shock,Marine_water
5,algae,118B-79,SWA,heat_shock,Marine_water
5,algae,118B-80,SWA,heat_shock,Marine_water
5,algae,118B-81,SWA,heat_shock,Marine_water
5,algae,118B-82,SWA,heat_shock,Marine_water
5,algae,118B-83,SWA,heat_shock,Marine_water
5,algae,118B-84,SWA,heat_shock,Marine_water
5,algae,118B-85,SWA,heat_shock,Marine_water
5,algae,118B-86,SWA,heat_shock,Marine_water
5,algae,118B-87,SWA,heat_shock,Marine_water
5,algae,118B-88,SWA,heat_shock,Marine_water
5,algae,118B-89,SWA,heat_shock,Marine_water
5,algae,118B-90,SWA,heat_shock,Marine_water
5,algae,118B-91,SWA,heat_shock,Marine_water
5,algae,118B-92,SWA,heat_shock,Marine_water
5,algae,118B-93,SWA,heat_shock,Marine_water
5,sediment,118C-1,NZSGM,heat_shock,Marine_water
5,sediment,118C-2-Psychrobacillus psychrodurans,NZSGM,heat_shock,Marine_water
5,algae,118D-1,ISP2M50,heat_shock,Marine_water
5,algae,118D-2,SWA,heat_shock,Marine_water
5,algae,118D-3,SWA,heat_shock,Marine_water
5,algae,118D-4,SWA,heat_shock,Marine_water
5,algae,118D-5,SWA,heat_shock,Marine_water
6,sediment,119A-1,A1F50,no_heat_shock,terrestrial
6,sediment,119A-2,A1F50,no_heat_shock,terrestrial
6,sediment,119A-3,A1F50,no_heat_shock,terrestrial
6,sediment,119A-4,A1F50,no_heat_shock,terrestrial
6,sediment,119A-5,A1F50,no_heat_shock,terrestrial
6,sediment,119A-6,A1F50,no_heat_shock,terrestrial
6,sediment,119A-7,A1F50,no_heat_shock,terrestrial
6,sediment,119A-8,A1F50,no_heat_shock,terrestrial
6,sediment,119A-9-Arthrobacter sp.,A1F50,no_heat_shock,terrestrial
6,sediment,119A-10,A1F50,no_heat_shock,terrestrial
6,sediment,119A-11,A1F50,no_heat_shock,terrestrial
6,sediment,119A-12,A1F50,no_heat_shock,terrestrial
6,sediment,119A-13,A1F50,no_heat_shock,terrestrial
6,sediment,119A-14,A1F50,no_heat_shock,terrestrial
6,sediment,119A-15,A1F50,no_heat_shock,terrestrial
6,sediment,119A-16-Variovorax sp.,ISP2F50,no_heat_shock,terrestrial
6,sediment,119A-17-Streptomyces lavendulae,ISP2F50,no_heat_shock,terrestrial
6,sediment,119A-18- Pseudomonas sp.,ISP2F50,no_heat_shock,terrestrial
6,sediment,119A-19,ISP2F50,no_heat_shock,terrestrial
6,sediment,119A-20,ISP2F50,no_heat_shock,terrestrial
6,sediment,119A-21,ISP2F50,no_heat_shock,terrestrial
6,sediment,119A-22,ISP2F50,no_heat_shock,terrestrial
6,sediment,119A-23,ISP2F50,no_heat_shock,terrestrial
6,sediment,119A-24,ISP2F50,no_heat_shock,terrestrial
6,sediment,119A-25,ISP2F50,no_heat_shock,terrestrial
6,sediment,119A-26,ISP2F50,no_heat_shock,terrestrial
6,sediment,119A-27,ISP2F50,no_heat_shock,terrestrial
6,sediment,119A-28,NZSGF,no_heat_shock,terrestrial
6,sediment,119A-29,NZSGF,no_heat_shock,terrestrial
6,sediment,119A-30,NZSGF,no_heat_shock,terrestrial
6,sediment,119A-31,NZSGF,no_heat_shock,terrestrial
6,sediment,119A-32,NZSGF,no_heat_shock,terrestrial
6,sediment,119A-33,NZSGF,no_heat_shock,terrestrial
6,sediment,119A-34,NZSGF,no_heat_shock,terrestrial
6,sediment,119A-35,LWA,no_heat_shock,terrestrial
6,sediment,119A-36,LWA,no_heat_shock,terrestrial
6,sediment,119A-37,LWA,no_heat_shock,terrestrial
6,sediment,119A-38,LWA,no_heat_shock,terrestrial
6,sediment,119A-39,LWA,no_heat_shock,terrestrial
6,sediment,119A-40,LWA,no_heat_shock,terrestrial
6,sediment,119A-41,LWA,no_heat_shock,terrestrial
6,sediment,119A-42,LWA,no_heat_shock,terrestrial
6,sediment,119A-43,LWA,no_heat_shock,terrestrial
6,sediment,119A-44,LWA,no_heat_shock,terrestrial
6,sediment,119A-45,LWA,no_heat_shock,terrestrial
6,sediment,119A-46,LWA,no_heat_shock,terrestrial
6,sediment,119A-47,LWA,no_heat_shock,terrestrial
6,sediment,119A-48-Mesorhizobium sp.,LWA,no_heat_shock,terrestrial
6,sediment,119A-49,LWA,no_heat_shock,terrestrial
6,sediment,119A-50,LWA,no_heat_shock,terrestrial
6,sediment,119A-51,LWA,no_heat_shock,terrestrial
6,sediment,119A-52,LWA,no_heat_shock,terrestrial
6,sediment,119A-53,LWA,no_heat_shock,terrestrial
6,sediment,119A-54,LWA,no_heat_shock,terrestrial
6,sediment,119A-55,Chitin,no_heat_shock,terrestrial
6,sediment,119A-56,Chitin,no_heat_shock,terrestrial
6,sediment,119A-57,Chitin,no_heat_shock,terrestrial
6,sediment,119A-58,Chitin,no_heat_shock,terrestrial
6,sediment,119A-59,Chitin,no_heat_shock,terrestrial
6,sediment,119A-60,Chitin,no_heat_shock,terrestrial
6,sediment,119A-61,Chitin,no_heat_shock,terrestrial
6,sediment,119A-62,Chitin,no_heat_shock,terrestrial
6,sediment,119A-63,Chitin,no_heat_shock,terrestrial
6,sediment,119A-64,Chitin,no_heat_shock,terrestrial
6,sediment,119A-65,Chitin,no_heat_shock,terrestrial
6,sediment,119A-66,Chitin,no_heat_shock,terrestrial
6,sediment,119A-67,Chitin,no_heat_shock,terrestrial
6,sediment,119A-68,Chitin,no_heat_shock,terrestrial
6,sediment,119A-69,Chitin,no_heat_shock,terrestrial
6,sediment,119A-70,Chitin,no_heat_shock,terrestrial
6,sediment,119A-71,Chitin,no_heat_shock,terrestrial
6,sediment,119A-72,Chitin,no_heat_shock,terrestrial
6,sediment,119A-73,Chitin,no_heat_shock,terrestrial
6,sediment,119A-74-Deefgea sp.,Chitin,no_heat_shock,terrestrial
6,sediment,119A-75,Chitin,no_heat_shock,terrestrial
6,sediment,119A-76,Chitin,no_heat_shock,terrestrial
6,sediment,119A-77,Chitin,no_heat_shock,terrestrial
6,sediment,119A-78,Chitin,no_heat_shock,terrestrial
6,sediment,119A-79-Deefgea sp.,Chitin,no_heat_shock,terrestrial
6,sediment,119A-80,Chitin,no_heat_shock,terrestrial
6,sediment,119A-81,Chitin,no_heat_shock,terrestrial
6,sediment,119A-82-Yersinia sp.,Chitin,no_heat_shock,terrestrial
6,sediment,119A-83,Chitin,no_heat_shock,terrestrial
6,sediment,119A-84,Chitin,no_heat_shock,terrestrial
6,sediment,119A-85,Chitin,no_heat_shock,terrestrial
6,sediment,119A-86,Chitin,no_heat_shock,terrestrial
7,sediment,120A-1,ISP2F50,no_heat_shock,terrestrial
7,sediment,120A-2,ISP2F50,no_heat_shock,terrestrial
7,sediment,120A-3,ISP2F50,no_heat_shock,terrestrial
7,sediment,120A-4,ISP2F50,no_heat_shock,terrestrial
7,sediment,120A-5,ISP2F50,no_heat_shock,terrestrial
7,sediment,120A-6,A1F50,no_heat_shock,terrestrial
7,sediment,120A-7,LWA,no_heat_shock,terrestrial
7,sediment,120A-8,LWA,no_heat_shock,terrestrial
7,sediment,120A-9,LWA,no_heat_shock,terrestrial
7,sediment,120A-10,LWA,no_heat_shock,terrestrial
7,sediment,120A-11,LWA,no_heat_shock,terrestrial
7,sediment,120A-12,LWA,no_heat_shock,terrestrial
7,sediment,120A-13,LWA,no_heat_shock,terrestrial
7,sediment,120A-14,LWA,no_heat_shock,terrestrial
7,sediment,120A-15,LWA,no_heat_shock,terrestrial
7,sediment,120A-16,LWA,no_heat_shock,terrestrial
7,sediment,120A-17,LWA,no_heat_shock,terrestrial
7,sediment,120A-18,LWA,no_heat_shock,terrestrial
7,sediment,120A-19-Marmoricola sp.,LWA,no_heat_shock,terrestrial
7,sediment,120A-20,LWA,no_heat_shock,terrestrial
7,sediment,120A-21,LWA,no_heat_shock,terrestrial
7,sediment,120A-22-Microbacterium deminutum,LWA,no_heat_shock,terrestrial
7,sediment,120A-23,LWA,no_heat_shock,terrestrial
7,sediment,120A-24,LWA,no_heat_shock,terrestrial
7,sediment,120A-25,LWA,no_heat_shock,terrestrial
7,sediment,120A-26,LWA,no_heat_shock,terrestrial
7,sediment,120A-27,LWA,no_heat_shock,terrestrial
7,sediment,120A-28,LWA,no_heat_shock,terrestrial
7,sediment,120A-29,Chitin,no_heat_shock,terrestrial
7,sediment,120A-30,Chitin,no_heat_shock,terrestrial
7,sediment,120A-31,Chitin,no_heat_shock,terrestrial
7,sediment,120A-32,Chitin,no_heat_shock,terrestrial
7,sediment,120A-33,Chitin,no_heat_shock,terrestrial
7,sediment,120A-34,Chitin,no_heat_shock,terrestrial
7,sediment,120A-35,Chitin,no_heat_shock,terrestrial
7,sediment,120A-36,Chitin,no_heat_shock,terrestrial
7,sediment,120A-37,Chitin,no_heat_shock,terrestrial
7,sediment,120A-38,Chitin,no_heat_shock,terrestrial
7,sediment,120A-39,Chitin,no_heat_shock,terrestrial
7,sediment,120A-40,Chitin,no_heat_shock,terrestrial
7,sediment,120A-41,Chitin,no_heat_shock,terrestrial
7,sediment,120A-42,Chitin,no_heat_shock,terrestrial
7,sediment,120A-43,Chitin,no_heat_shock,terrestrial
7,sediment,120A-44,Chitin,no_heat_shock,terrestrial
7,sediment,120A-45,Chitin,no_heat_shock,terrestrial
7,sediment,120A-46,Chitin,no_heat_shock,terrestrial
7,sediment,120A-47,Chitin,no_heat_shock,terrestrial
7,sediment,120A-48,Chitin,no_heat_shock,terrestrial
7,sediment,120A-49,Chitin,no_heat_shock,terrestrial
7,sediment,120A-50,Chitin,no_heat_shock,terrestrial
7,sediment,120A-51,Chitin,no_heat_shock,terrestrial
7,sediment,120A-52,Chitin,no_heat_shock,terrestrial
7,sediment,120A-53,Chitin,no_heat_shock,terrestrial
7,sediment,120A-54,Chitin,no_heat_shock,terrestrial
7,sediment,120A-55,Chitin,no_heat_shock,terrestrial
8,sediment,121A-1,Chitin,no_heat_shock,terrestrial
8,sediment,121A-2,Chitin,no_heat_shock,terrestrial
8,sediment,121A-3,Chitin,no_heat_shock,terrestrial
8,sediment,121A-4,Chitin,no_heat_shock,terrestrial
8,sediment,121A-5,Chitin,no_heat_shock,terrestrial
8,sediment,121A-6,Chitin,no_heat_shock,terrestrial
8,sediment,121A-7,Chitin,no_heat_shock,terrestrial
8,sediment,121A-8,Chitin,no_heat_shock,terrestrial
8,sediment,121A-9,Chitin,no_heat_shock,terrestrial
8,sediment,121A-10,Chitin,no_heat_shock,terrestrial
8,sediment,121A-11-Microbacterium phyllosphaerae,Chitin,no_heat_shock,terrestrial
8,sediment,121A-12,Chitin,no_heat_shock,terrestrial
8,sediment,121A-13,Chitin,no_heat_shock,terrestrial
8,sediment,121A-14,Chitin,no_heat_shock,terrestrial
8,sediment,121A-15,Chitin,no_heat_shock,terrestrial
8,sediment,121A-16,Chitin,no_heat_shock,terrestrial
8,sediment,121A-17,Chitin,no_heat_shock,terrestrial
8,sediment,121A-18,Chitin,no_heat_shock,terrestrial
8,sediment,121A-19-Microbacterium phyllosphaerae,Chitin,no_heat_shock,terrestrial
8,sediment,121A-20,Chitin,no_heat_shock,terrestrial
8,sediment,121A-21,Chitin,no_heat_shock,terrestrial
9,clay,122A-1,NZSGF,no_heat_shock,terrestrial
9,clay,122A-2,NZSGF,no_heat_shock,terrestrial
9,clay,122A-3,A1F50,no_heat_shock,terrestrial
9,clay,122A-4,A1F50,no_heat_shock,terrestrial
9,clay,122A-5,A1F50,no_heat_shock,terrestrial
9,clay,122A-6,A1F50,no_heat_shock,terrestrial
9,clay,122A-7,A1F50,no_heat_shock,terrestrial
9,clay,122A-8,A1F50,no_heat_shock,terrestrial
9,clay,122A-9,A1F50,no_heat_shock,terrestrial
9,clay,122A-10,A1F50,no_heat_shock,terrestrial
9,clay,122A-11,A1F50,no_heat_shock,terrestrial
9,clay,122A-12,A1F50,no_heat_shock,terrestrial
9,clay,122A-13,A1F50,no_heat_shock,terrestrial
9,clay,122A-14,A1F50,no_heat_shock,terrestrial
9,clay,122B-1,A1F50,no_heat_shock,terrestrial
9,clay,122B-2,A1F50,no_heat_shock,terrestrial
9,clay,122B-3,A1F50,no_heat_shock,terrestrial
9,clay,122B-4,A1F50,no_heat_shock,terrestrial
9,clay,122B-5,A1F50,no_heat_shock,terrestrial
9,clay,122B-6,A1F50,no_heat_shock,terrestrial
9,clay,122B-7,A1F50,no_heat_shock,terrestrial
9,clay,122B-8-Thiomonas intermedia,A1F50,no_heat_shock,terrestrial
9,clay,122B-9,A1F50,no_heat_shock,terrestrial
9,clay,122B-10,A1F50,no_heat_shock,terrestrial
9,clay,122B-11,A1F50,no_heat_shock,terrestrial
9,clay,122B-12,A1F50,no_heat_shock,terrestrial
9,clay,122B-13,A1F50,no_heat_shock,terrestrial
9,clay,122B-14,A1F50,no_heat_shock,terrestrial
9,clay,122B-15,A1F50,no_heat_shock,terrestrial
9,clay,122B-16,A1F50,no_heat_shock,terrestrial
9,clay,122B-17,A1F50,no_heat_shock,terrestrial
9,clay,122B-18,A1F50,no_heat_shock,terrestrial
9,clay,122B-19,A1F50,no_heat_shock,terrestrial
9,clay,122B-20,A1F50,no_heat_shock,terrestrial
9,clay,122B-21,A1F50,no_heat_shock,terrestrial
9,clay,122B-22,A1F50,no_heat_shock,terrestrial
9,clay,122B-23,A1F50,no_heat_shock,terrestrial
9,clay,122B-24,A1F50,no_heat_shock,terrestrial
9,clay,122B-25,A1F50,no_heat_shock,terrestrial
9,clay,122B-26,A1F50,no_heat_shock,terrestrial
9,clay,122B-27,A1F50,no_heat_shock,terrestrial
9,clay,122B-28,A1F50,no_heat_shock,terrestrial
9,clay,122B-29,A1F50,no_heat_shock,terrestrial
9,clay,122B-30,A1F50,no_heat_shock,terrestrial
9,clay,122B-31,A1F50,no_heat_shock,terrestrial
9,clay,122B-32,A1F50,no_heat_shock,terrestrial
9,clay,122B-33,A1F50,no_heat_shock,terrestrial
9,clay,122B-34-Thiomonas intermedia,A1F50,no_heat_shock,terrestrial
9,clay,122B-35,A1F50,no_heat_shock,terrestrial
9,clay,122B-36,A1F50,no_heat_shock,terrestrial
9,clay,122B-37,A1F50,no_heat_shock,terrestrial
9,clay,122B-38,A1F50,no_heat_shock,terrestrial
9,clay,122B-39,A1F50,no_heat_shock,terrestrial
9,clay,122B-40,A1F50,no_heat_shock,terrestrial
9,clay,122B-41,A1F50,no_heat_shock,terrestrial
9,clay,122B-42,A1F50,no_heat_shock,terrestrial
9,clay,122B-43,A1F50,no_heat_shock,terrestrial
9,clay,122B-44,A1F50,no_heat_shock,terrestrial
9,clay,122B-45,A1F50,no_heat_shock,terrestrial
9,clay,122B-46-Thiomonas sp.,A1F50,no_heat_shock,terrestrial
9,clay,122B-47,A1F50,no_heat_shock,terrestrial
9,clay,122B-48-Thiomonas intermedia,A1F50,no_heat_shock,terrestrial
9,clay,122B-49-Thiomonas sp.,A1F50,no_heat_shock,terrestrial
9,clay,122B-50,A1F50,no_heat_shock,terrestrial
9,clay,122B-51,A1F50,no_heat_shock,terrestrial
9,clay,122B-52,A1F50,no_heat_shock,terrestrial
9,clay,122B-53,A1F50,no_heat_shock,terrestrial
9,clay,122B-54,A1F50,no_heat_shock,terrestrial
10,sediment,123A-1,ISP2F50,no_heat_shock,Freshwater
10,sediment,123A-2,ISP2F50,no_heat_shock,Freshwater
10,sediment,123A-3-Micrococcus sp.,A1F50,no_heat_shock,Freshwater
10,sediment,123A-4-Curvibacter sp.,A1F50,no_heat_shock,Freshwater
10,sediment,123A-5,A1F50,no_heat_shock,Freshwater
10,sediment,123A-6,A1F50,no_heat_shock,Freshwater
10,sediment,123A-7,A1F50,no_heat_shock,Freshwater
10,sediment,123A-8-Curvibacter sp.,A1F50,no_heat_shock,Freshwater
10,sediment,123A-9,A1F50,no_heat_shock,Freshwater
10,sediment,123A-10,A1F50,no_heat_shock,Freshwater
10,sediment,123A-11,A1F50,no_heat_shock,Freshwater
10,sediment,123A-12,A1F50,no_heat_shock,Freshwater
10,sediment,123A-13,A1F50,no_heat_shock,Freshwater
10,sediment,123A-14,A1F50,no_heat_shock,Freshwater
10,sediment,123A-15,A1F50,no_heat_shock,Freshwater
10,sediment,123A-16,A1F50,no_heat_shock,Freshwater
10,sediment,123A-17,A1F50,no_heat_shock,Freshwater
10,sediment,123A-18,A1F50,no_heat_shock,Freshwater
10,sediment,123A-19,A1F50,no_heat_shock,Freshwater
10,sediment,123A-20,A1F50,no_heat_shock,Freshwater
10,sediment,123A-21,A1F50,no_heat_shock,Freshwater
10,sediment,123A-22,A1F50,no_heat_shock,Freshwater
10,sediment,123A-23,A1F50,no_heat_shock,Freshwater
10,sediment,123A-24,A1F50,no_heat_shock,Freshwater
10,sediment,123A-25,A1F50,no_heat_shock,Freshwater
10,sediment,123A-26,A1F50,no_heat_shock,Freshwater
10,sediment,123A-27,A1F50,no_heat_shock,Freshwater
10,sediment,123A-28,A1F50,no_heat_shock,Freshwater
10,sediment,123A-29,A1F50,no_heat_shock,Freshwater
10,sediment,123A-30,A1F50,no_heat_shock,Freshwater
10,sediment,123A-31,A1F50,no_heat_shock,Freshwater
10,sediment,123A-32,A1F50,no_heat_shock,Freshwater
10,sediment,123A-33,A1F50,no_heat_shock,Freshwater
10,sediment,123A-34,Chitin,no_heat_shock,Freshwater
10,sediment,123A-35,Chitin,no_heat_shock,Freshwater
10,sediment,123A-36,Chitin,no_heat_shock,Freshwater
10,sediment,123A-37,Chitin,no_heat_shock,Freshwater
10,sediment,123A-38,Chitin,no_heat_shock,Freshwater
10,sediment,123A-39,Chitin,no_heat_shock,Freshwater
10,sediment,123A-40,Chitin,no_heat_shock,Freshwater
10,sediment,123A-41,Chitin,no_heat_shock,Freshwater
10,sediment,123A-42,Chitin,no_heat_shock,Freshwater
10,sediment,123A-43,Chitin,no_heat_shock,Freshwater
10,sediment,123A-44,Chitin,no_heat_shock,Freshwater
10,sediment,123A-45,Chitin,no_heat_shock,Freshwater
10,sediment,123A-46,Chitin,no_heat_shock,Freshwater
10,sediment,123A-47,Chitin,no_heat_shock,Freshwater
10,sediment,123A-48,Chitin,no_heat_shock,Freshwater
10,sediment,123A-49,Chitin,no_heat_shock,Freshwater
10,sediment,123A-50-Bacillus simplex,Chitin,no_heat_shock,Freshwater
10,sediment,123A-51,Chitin,no_heat_shock,Freshwater
10,sediment,123A-52,Chitin,no_heat_shock,Freshwater
10,sediment,123A-53,Chitin,no_heat_shock,Freshwater
10,sediment,123A-54,Chitin,no_heat_shock,Freshwater
10,sediment,123A-55,Chitin,no_heat_shock,Freshwater
10,sediment,123A-56,LWA,no_heat_shock,Freshwater
10,sediment,123A-57,LWA,no_heat_shock,Freshwater
10,sediment,123A-58,LWA,no_heat_shock,Freshwater
10,sediment,123A-59,LWA,no_heat_shock,Freshwater
10,sediment,123A-60,LWA,no_heat_shock,Freshwater
10,sediment,123A-61,LWA,no_heat_shock,Freshwater
10,sediment,123A-62,LWA,no_heat_shock,Freshwater
10,sediment,123A-63,LWA,no_heat_shock,Freshwater
10,sediment,123A-64,LWA,no_heat_shock,Freshwater
10,sediment,123A-65,LWA,no_heat_shock,Freshwater
10,sediment,123A-66,LWA,no_heat_shock,Freshwater
10,sediment,123A-67-Agrococcus sp.,LWA,no_heat_shock,Freshwater
10,sediment,123A-68,LWA,no_heat_shock,Freshwater
10,sediment,123A-69,LWA,no_heat_shock,Freshwater
10,sediment,123A-70,LWA,no_heat_shock,Freshwater
10,sediment,123A-71,LWA,no_heat_shock,Freshwater
10,sediment,123A-72,LWA,no_heat_shock,Freshwater
10,sediment,123A-73-Agrococcus sp.,LWA,no_heat_shock,Freshwater
10,sediment,123A-74,LWA,no_heat_shock,Freshwater
10,sediment,123A-75,LWA,no_heat_shock,Freshwater
10,sediment,123A-76,LWA,no_heat_shock,Freshwater
10,sediment,123A-77,LWA,no_heat_shock,Freshwater
10,sediment,123A-78,LWA,no_heat_shock,Freshwater
10,sediment,123A-79,LWA,no_heat_shock,Freshwater
10,sediment,123A-80,LWA,no_heat_shock,Freshwater
10,sediment,123A-81,LWA,no_heat_shock,Freshwater
10,sediment,123A-82-Dermacoccus sp.,LWA,no_heat_shock,Freshwater
10,sediment,123A-83,LWA,no_heat_shock,Freshwater
10,sediment,123A-84,LWA,no_heat_shock,Freshwater
10,sediment,123A-85,LWA,no_heat_shock,Freshwater
10,sediment,123A-86,LWA,no_heat_shock,Freshwater
10,sediment,123A-87.-Curvibacter sp,LWA,no_heat_shock,Freshwater
10,sediment,123A-88,LWA,no_heat_shock,Freshwater
10,sediment,123A-89,LWA,no_heat_shock,Freshwater
10,sediment,123A-90,LWA,no_heat_shock,Freshwater
10,sediment,123A-91,LWA,no_heat_shock,Freshwater
10,sediment,123A-92,LWA,no_heat_shock,Freshwater
10,sediment,123A-93,LWA,no_heat_shock,Freshwater
10,sediment,123A-94,LWA,no_heat_shock,Freshwater
10,sediment,123A-95-Agrococcus sp.,LWA,no_heat_shock,Freshwater
12,liquid,125A-1,NZSGF,no_heat_shock,terrestrial
12,liquid,125A-2-Sporosarcina aquimarina,ISP2F50,no_heat_shock,terrestrial
12,liquid,125A-3,A1F50,no_heat_shock,terrestrial
12,liquid,125A-4,LWA,no_heat_shock,terrestrial
13,sediment,126A-1-Staphylococcus cohnii,NZSGF,no_heat_shock,terrestrial
13,sediment,126A-2,ISP2F50,no_heat_shock,terrestrial
13,sediment,126A-3,ISP2F50,no_heat_shock,terrestrial
13,sediment,126A-4,ISP2F50,no_heat_shock,terrestrial
13,sediment,126A-5,ISP2F50,no_heat_shock,terrestrial
13,sediment,126A-6,ISP2F50,no_heat_shock,terrestrial
13,sediment,126A-7,A1F50,no_heat_shock,terrestrial
13,sediment,126A-8,A1F50,no_heat_shock,terrestrial
13,sediment,126A-9,A1F50,no_heat_shock,terrestrial
13,sediment,126A-10,A1F50,no_heat_shock,terrestrial
13,sediment,126A-11,A1F50,no_heat_shock,terrestrial
14,sediment,127A-1-Arthrobacter equi,A150,no_heat_shock,Freshwater
15,sediment,128A-1-Sandaracinobacter sibiricus,A1F50,no_heat_shock,Freshwater
15,sediment,128A-2,A1F50,no_heat_shock,Freshwater
15,sediment,128A-3,A1F50,no_heat_shock,Freshwater
15,sediment,128A-4,A1F50,no_heat_shock,Freshwater
15,sediment,128A-5,A1F50,no_heat_shock,Freshwater
15,sediment,128A-6-Hydrogenophaga sp.,A1F50,no_heat_shock,Freshwater
15,sediment,128A-7,A1F50,no_heat_shock,Freshwater
15,sediment,128A-8,A1F50,no_heat_shock,Freshwater
15,sediment,128A-9,A1F50,no_heat_shock,Freshwater
15,sediment,128A-10,A1F50,no_heat_shock,Freshwater
15,sediment,128A-11,A1F50,no_heat_shock,Freshwater
15,sediment,128A-12,A1F50,no_heat_shock,Freshwater
15,sediment,128A-13,A1F50,no_heat_shock,Freshwater
15,sediment,128A-14,NZSGF,no_heat_shock,Freshwater
15,sediment,128A-15,NZSGF,no_heat_shock,Freshwater
15,sediment,128A-16,NZSGF,no_heat_shock,Freshwater
15,sediment,128A-17,NZSGF,no_heat_shock,Freshwater
15,sediment,128A-18,NZSGF,no_heat_shock,Freshwater
15,sediment,128A-19,NZSGF,no_heat_shock,Freshwater
15,sediment,128A-20,NZSGF,no_heat_shock,Freshwater
15,sediment,128A-21,NZSGF,no_heat_shock,Freshwater
15,sediment,128A-22,NZSGF,no_heat_shock,Freshwater
15,sediment,128A-23,NZSGF,no_heat_shock,Freshwater
15,sediment,128A-24,NZSGF,no_heat_shock,Freshwater
15,sediment,128A-25,NZSGF,no_heat_shock,Freshwater
15,sediment,128A-26,NZSGF,no_heat_shock,Freshwater
15,sediment,128A-27,NZSGF,no_heat_shock,Freshwater
15,sediment,128A-28,NZSGF,no_heat_shock,Freshwater
15,sediment,128A-29,NZSGF,no_heat_shock,Freshwater
15,sediment,128A-30,NZSGF,no_heat_shock,Freshwater
15,sediment,128A-31,NZSGF,no_heat_shock,Freshwater
15,sediment,128A-32,NZSGF,no_heat_shock,Freshwater
15,sediment,128A-33,NZSGF,no_heat_shock,Freshwater
15,sediment,128A-34,ISP2F50,no_heat_shock,Freshwater
15,sediment,128A-35,ISP2F50,no_heat_shock,Freshwater
15,sediment,128A-36,ISP2F50,no_heat_shock,Freshwater
15,sediment,128A-37,ISP2F50,no_heat_shock,Freshwater
15,sediment,128A-38,ISP2F50,no_heat_shock,Freshwater
15,sediment,128A-39,ISP2F50,no_heat_shock,Freshwater
15,sediment,128A-40,ISP2F50,no_heat_shock,Freshwater
15,sediment,128A-41,ISP2F50,no_heat_shock,Freshwater
15,sediment,128A-42,ISP2F50,no_heat_shock,Freshwater
15,sediment,128A-43,ISP2F50,no_heat_shock,Freshwater
15,sediment,128A-44,ISP2F50,no_heat_shock,Freshwater
15,sediment,128A-45,ISP2F50,no_heat_shock,Freshwater
15,sediment,128A-46,ISP2F50,no_heat_shock,Freshwater
15,sediment,128A-47,ISP2F50,no_heat_shock,Freshwater
15,sediment,128A-48,ISP2F50,no_heat_shock,Freshwater
15,sediment,128A-49,ISP2F50,no_heat_shock,Freshwater
15,sediment,128A-50,ISP2F50,no_heat_shock,Freshwater
15,sediment,128A-51,ISP2F50,no_heat_shock,Freshwater
15,sediment,128A-52,ISP2F50,no_heat_shock,Freshwater
15,sediment,128A-53,ISP2F50,no_heat_shock,Freshwater
16,sediment,129A-1,Chitin,heat_shock,Freshwater
16,sediment,129A-2,Chitin,heat_shock,Freshwater
16,sediment,129A-3,Chitin,heat_shock,Freshwater
16,sediment,129A-4,Chitin,heat_shock,Freshwater
16,sediment,129A-5,Chitin,heat_shock,Freshwater
16,sediment,129A-6,Chitin,heat_shock,Freshwater
16,sediment,129A-7,Chitin,heat_shock,Freshwater
16,sediment,129A-8,Chitin,heat_shock,Freshwater
16,sediment,129A-9,Chitin,heat_shock,Freshwater
16,sediment,129A-10,Chitin,heat_shock,Freshwater
16,sediment,129A-11,Chitin,heat_shock,Freshwater
16,sediment,129A-12,Chitin,heat_shock,Freshwater
16,sediment,129A-13-Micromonospora sp.,Chitin,heat_shock,Freshwater
16,sediment,129A-14,Chitin,heat_shock,Freshwater
16,sediment,129A-15,Chitin,heat_shock,Freshwater
16,sediment,129A-16,Chitin,heat_shock,Freshwater
16,sediment,129A-17,Chitin,heat_shock,Freshwater
16,sediment,129A-18-Bacillus simplex,Chitin,heat_shock,Freshwater
16,sediment,129A-19,Chitin,heat_shock,Freshwater
16,sediment,129A-20,LWA,heat_shock,Freshwater
16,sediment,129A-21,LWA,heat_shock,Freshwater
16,sediment,129A-22,LWA,heat_shock,Freshwater
16,sediment,129A-23,LWA,heat_shock,Freshwater
16,sediment,129A-24,LWA,heat_shock,Freshwater
16,sediment,129A-25,LWA,heat_shock,Freshwater
16,sediment,129A-26,LWA,heat_shock,Freshwater
16,sediment,129A-27,LWA,heat_shock,Freshwater
16,sediment,129A-28,LWA,heat_shock,Freshwater
16,sediment,129A-29,LWA,heat_shock,Freshwater
16,sediment,129A-30-Bacillus pumilus,LWA,heat_shock,Freshwater
16,sediment,129A-31,LWA,heat_shock,Freshwater
16,sediment,129A-32,LWA,heat_shock,Freshwater
16,sediment,129A-33,LWA,heat_shock,Freshwater
16,sediment,129A-34,LWA,heat_shock,Freshwater
16,sediment,129A-35,LWA,heat_shock,Freshwater
16,sediment,129A-36,LWA,heat_shock,Freshwater
16,sediment,129A-37,A1F50,heat_shock,Freshwater
16,sediment,129A-38,A1F50,heat_shock,Freshwater
16,sediment,129A-39,A1F50,heat_shock,Freshwater
16,sediment,129A-40,A1F50,heat_shock,Freshwater
16,sediment,129A-41-Mycobacterium sp.,A1F50,heat_shock,Freshwater
16,sediment,129A-42-Dyadobacter sp.,A1F50,heat_shock,Freshwater
16,sediment,129A-43,A1F50,heat_shock,Freshwater
16,sediment,129A-44,A1F50,heat_shock,Freshwater
16,sediment,129A-45,A1F50,heat_shock,Freshwater
16,sediment,129A-46,ISP2F50,heat_shock,Freshwater
16,sediment,129A-47,ISP2F50,heat_shock,Freshwater
16,sediment,129A-48,ISP2F50,heat_shock,Freshwater
16,sediment,129A-49-Paenibacillus pectinilyticus,ISP2F50,heat_shock,Freshwater
16,sediment,129A-50,ISP2F50,heat_shock,Freshwater
16,sediment,129A-51-Bacillus arbutinivorans,ISP2F50,heat_shock,Freshwater
16,sediment,129A-52,NZSGF,heat_shock,Freshwater
16,sediment,129A-53,NZSGF,heat_shock,Freshwater
16,sediment,129A-54-Bacillus sp.,NZSGF,heat_shock,Freshwater
17,sediment,130A-1,NZSGF,heat_shock,Freshwater
17,sediment,130A-2,NZSGF,heat_shock,Freshwater
17,sediment,130A-3,NZSGF,heat_shock,Freshwater
17,sediment,130A-4,NZSGF,heat_shock,Freshwater
17,sediment,130A-5,NZSGF,heat_shock,Freshwater
17,sediment,130A-6,NZSGF,heat_shock,Freshwater
17,sediment,130A-7,NZSGF,heat_shock,Freshwater
17,sediment,130A-8,ISP2F50,heat_shock,Freshwater
17,sediment,130A-9,ISP2F50,heat_shock,Freshwater
17,sediment,130A-10,ISP2F50,heat_shock,Freshwater
17,sediment,130A-11,ISP2F50,heat_shock,Freshwater
17,sediment,130A-12,ISP2F50,heat_shock,Freshwater
17,sediment,130A-13,ISP2F50,heat_shock,Freshwater
17,sediment,130A-14,ISP2F50,heat_shock,Freshwater
17,sediment,130A-15,ISP2F50,heat_shock,Freshwater
17,sediment,130A-16,A1F50,heat_shock,Freshwater
17,sediment,130A-17,A1F50,heat_shock,Freshwater
17,sediment,130A-18,A1F50,heat_shock,Freshwater
17,sediment,130A-19,A1F50,heat_shock,Freshwater
17,sediment,130A-20,A1F50,heat_shock,Freshwater
17,sediment,130A-21,A1F50,heat_shock,Freshwater
17,sediment,130A-22,A1F50,heat_shock,Freshwater
17,sediment,130A-23,A1F50,heat_shock,Freshwater
17,sediment,130A-24,A1F50,heat_shock,Freshwater
17,sediment,130A-25,A1F50,heat_shock,Freshwater
17,sediment,130A-26,LWA,heat_shock,Freshwater
17,sediment,130A-27,LWA,heat_shock,Freshwater
17,sediment,130A-28,LWA,heat_shock,Freshwater
17,sediment,130A-29,LWA,heat_shock,Freshwater
17,sediment,130A-30,LWA,heat_shock,Freshwater
17,sediment,130A-31,LWA,heat_shock,Freshwater
17,sediment,130A-32,LWA,heat_shock,Freshwater
17,sediment,130A-33,Chitin,heat_shock,Freshwater
17,sediment,130A-34,Chitin,heat_shock,Freshwater
17,sediment,130A-35,Chitin,heat_shock,Freshwater
17,sediment,130A-36,Chitin,heat_shock,Freshwater
17,sediment,130A-37,Chitin,heat_shock,Freshwater
17,sediment,130A-38,Chitin,heat_shock,Freshwater
17,sediment,130A-39,Chitin,heat_shock,Freshwater
17,sediment,130A-40,Chitin,heat_shock,Freshwater
18,sediment,131A-1,NZSGF,heat_shock,Freshwater
18,sediment,131A-2,NZSGF,heat_shock,Freshwater
18,sediment,131A-3,LWA,heat_shock,Freshwater
18,sediment,131A-4,LWA,heat_shock,Freshwater
18,sediment,131A-5,A1F50,heat_shock,Freshwater
18,sediment,131A-6-Kytococcus sedentarius,A1F50,heat_shock,Freshwater
18,sediment,131A-7,A1F50,heat_shock,Freshwater
18,sediment,131A-8,A1F50,heat_shock,Freshwater
18,sediment,131A-9,LWA,heat_shock,Freshwater
19,sediment,132A-1,LWA,heat_shock,Freshwater
19,sediment,132A-2,LWA,heat_shock,Freshwater
19,sediment,132A-3,LWA,heat_shock,Freshwater
19,sediment,132A-4,LWA,heat_shock,Freshwater
19,sediment,132A-5,LWA,heat_shock,Freshwater
19,sediment,132A-6,Chitin,heat_shock,Freshwater
19,sediment,132A-7,Chitin,heat_shock,Freshwater
19,sediment,132A-8,Chitin,heat_shock,Freshwater
19,sediment,132A-9,ISP2F50,heat_shock,Freshwater
19,sediment,132A-10,ISP2F50,heat_shock,Freshwater
19,sediment,132A-11,ISP2F50,heat_shock,Freshwater
19,sediment,132A-12,ISP2F50,heat_shock,Freshwater
19,sediment,132A-13,NZSGF,heat_shock,Freshwater
19,sediment,132A-14,NZSGF,heat_shock,Freshwater
19,sediment,132A-15,NZSGF,heat_shock,Freshwater
19,sediment,132A-16,NZSGF,heat_shock,Freshwater
19,sediment,132A-17,A1F50,heat_shock,Freshwater
19,sediment,132A-18,A1F50,heat_shock,Freshwater
19,sediment,132A-19,A1F50,heat_shock,Freshwater
19,sediment,132A-20,A1F50,heat_shock,Freshwater
19,sediment,132A-21,A1F50,heat_shock,Freshwater
19,sediment,132A-22,A1F50,heat_shock,Freshwater
19,sediment,132A-23,A1F50,heat_shock,Freshwater
19,sediment,132A-24,A1F50,heat_shock,Freshwater
19,sediment,132A-25,A1F50,heat_shock,Freshwater
19,sediment,132A-26,LWA,heat_shock,Freshwater
19,sediment,132A-27,LWA,heat_shock,Freshwater
19,sediment,132A-28,LWA,heat_shock,Freshwater
19,sediment,132A-29,LWA,heat_shock,Freshwater
19,sediment,132A-30,A1F50,heat_shock,Freshwater
19,sediment,132A-31,A1F50,heat_shock,Freshwater
19,sediment,132A-32,A1F50,heat_shock,Freshwater
19,sediment,132A-33,A1F50,heat_shock,Freshwater
20,sediment,133A-1,NZSGF,heat_shock,Freshwater
20,sediment,133A-2,NZSGF,heat_shock,Freshwater
20,sediment,133A-3,A1F50,heat_shock,Freshwater
20,sediment,133A-4,A1F50,heat_shock,Freshwater
20,sediment,133A-5,A1F50,heat_shock,Freshwater
20,sediment,133A-6,A1F50,heat_shock,Freshwater
20,sediment,133A-7,A1F50,heat_shock,Freshwater
21,sediment,134A-1,SWA,heat_shock,Marine_water
21,sediment,134A-2,NZSGM,heat_shock,Marine_water
21,sediment,134A-3,NZSGM,heat_shock,Marine_water
21,sediment,134A-4,NZSGM,heat_shock,Marine_water
21,sediment,134A-5,NZSGM,heat_shock,Marine_water
21,sediment,134A-6,NZSGM,heat_shock,Marine_water
21,sediment,134A-7,NZSGM,heat_shock,Marine_water
21,sediment,134A-8,NZSGM,heat_shock,Marine_water
21,sediment,134A-9,NZSGM,heat_shock,Marine_water
21,sediment,134A-10,NZSGM,heat_shock,Marine_water
21,sediment,134A-11,Chitin,heat_shock,Marine_water
21,sediment,134A-12,Chitin,heat_shock,Marine_water
21,sediment,134A-13,Chitin,heat_shock,Marine_water
21,sediment,134A-14,Chitin,heat_shock,Marine_water
21,sediment,134A-15,Chitin,heat_shock,Marine_water
21,sediment,134A-16,Chitin,heat_shock,Marine_water
21,sediment,134A-17-Bacillus sp.,Chitin,heat_shock,Marine_water
21,sediment,134A-18,Chitin,heat_shock,Marine_water
21,sediment,134A-19,Chitin,heat_shock,Marine_water
21,sediment,134A-20,Chitin,heat_shock,Marine_water
21,sediment,134A-21,ISP2M50,heat_shock,Marine_water
21,sediment,134A-22-Paenibacillus sp.,ISP2M50,heat_shock,Marine_water
21,sediment,134A-23,ISP2M50,heat_shock,Marine_water
21,sediment,134A-24,ISP2M50,heat_shock,Marine_water
21,sediment,134A-25,ISP2M50,heat_shock,Marine_water
21,sediment,134A-26,ISP2M50,heat_shock,Marine_water
21,sediment,134A-27-Bacillus subtilis,ISP2M50,heat_shock,Marine_water
21,sediment,134A-28,ISP2M50,heat_shock,Marine_water
21,sediment,134A-29,A1M50,heat_shock,Marine_water
21,sediment,134A-30,A1M50,heat_shock,Marine_water
21,sediment,134A-31,A1M50,heat_shock,Marine_water
21,sediment,134A-32,A1M50,heat_shock,Marine_water
21,sediment,134A-33,A1M50,heat_shock,Marine_water
21,sediment,134A-34,A1M50,heat_shock,Marine_water
21,sediment,134A-35,A1M50,heat_shock,Marine_water
21,sediment,134A-36,A1M50,heat_shock,Marine_water
21,sediment,134A-37,A1M50,heat_shock,Marine_water
21,sediment,134A-38,A1M50,heat_shock,Marine_water
21,sediment,134A-39,A1M50,heat_shock,Marine_water
21,sponge,134B-1,A1M50,heat_shock,Marine_water
21,sponge,134B-2,A1M50,heat_shock,Marine_water
21,sponge,134B-3,A1M50,heat_shock,Marine_water
21,sponge,134B-4,A1M50,heat_shock,Marine_water
21,sponge,134B-5,A1M50,heat_shock,Marine_water
21,sponge,134B-6,ISP2M50,heat_shock,Marine_water
21,sponge,134B-7,ISP2M50,heat_shock,Marine_water
21,sponge,134B-8,NZSGM,heat_shock,Marine_water
21,sponge,134B-9,NZSGM,heat_shock,Marine_water
21,sponge,134B-10,NZSGM,heat_shock,Marine_water
21,sponge,134B-11,SWA,heat_shock,Marine_water
21,sponge,134C-1,ISP2M50,heat_shock,Marine_water
21,sponge,134C-2,ISP2M50,heat_shock,Marine_water
21,sponge,134C-3,ISP2M50,heat_shock,Marine_water
21,sponge,134C-4,ISP2M50,heat_shock,Marine_water
21,sponge,134C-5-Salinicoccus sp.,ISP2M50,heat_shock,Marine_water
21,sponge,134C-6,ISP2M50,heat_shock,Marine_water
21,sponge,134C-7,ISP2M50,heat_shock,Marine_water
21,sponge,134C-8,ISP2M50,heat_shock,Marine_water
21,sponge,134C-9-Bacillus subtilis,ISP2M50,heat_shock,Marine_water
21,sponge,134C-10,ISP2M50,heat_shock,Marine_water
21,sponge,134C-11,ISP2M50,heat_shock,Marine_water
21,sponge,134C-13,NZSGM,heat_shock,Marine_water
21,sponge,134C-14-Bacilllus subtilis,SWA,heat_shock,Marine_water
21,sponge,134C-15,SWA,heat_shock,Marine_water
21,sponge,134D-1-Shewanella sp.,A1M50,heat_shock,Marine_water
21,sponge,134D-2,A1M50,heat_shock,Marine_water
21,sponge,134D-3,A1M50,heat_shock,Marine_water
21,sponge,134D-4,A1M50,heat_shock,Marine_water
21,sponge,134D-5,A1M50,heat_shock,Marine_water
21,sponge,134D-6,A1M50,heat_shock,Marine_water
21,sponge,134D-7,A1M50,heat_shock,Marine_water
21,sponge,134D-8,ISP2M50,heat_shock,Marine_water
21,sponge,134D-9,NZSGM,heat_shock,Marine_water
21,sponge,134D-10,NZSGM,heat_shock,Marine_water
21,sponge,134D-11,NZSGM,heat_shock,Marine_water
21,sponge,134D-12,NZSGM,heat_shock,Marine_water
21,sponge,134D-13,NZSGM,heat_shock,Marine_water
21,sponge,134D-14,NZSGM,heat_shock,Marine_water
21,sponge,134D-15,NZSGM,heat_shock,Marine_water
21,sponge,134D-16,NZSGM,heat_shock,Marine_water
21,sponge,134D-17,SWA,heat_shock,Marine_water
21,sponge,134D-18,SWA,heat_shock,Marine_water
21,sponge,134D-19,SWA,heat_shock,Marine_water
21,sponge,134D-20,SWA,heat_shock,Marine_water
21,sponge,134D-21,SWA,heat_shock,Marine_water
21,sponge,134D-22-Bacillus sp.,SWA,heat_shock,Marine_water
22,sediment,135A-1,A1M50,heat_shock,Marine_water
22,sediment,135A-2,A1M50,heat_shock,Marine_water
22,sediment,135A-3,A1M50,heat_shock,Marine_water
22,sediment,135A-4,A1M50,heat_shock,Marine_water
22,sediment,135A-6,A1M50,heat_shock,Marine_water
22,sediment,135A-7,A1M50,heat_shock,Marine_water
22,sediment,135A-8,A1M50,heat_shock,Marine_water
22,sediment,135A-9,ISP2M50,heat_shock,Marine_water
22,sediment,135A-10-Streptomyces paucisporeus,ISP2M50,heat_shock,Marine_water
22,sediment,135A-11,ISP2M50,heat_shock,Marine_water
22,sediment,135A-12,ISP2M50,heat_shock,Marine_water
22,sediment,135A-13,ISP2M50,heat_shock,Marine_water
22,sediment,135A-14,ISP2M50,heat_shock,Marine_water
22,sediment,135A-15,ISP2M50,heat_shock,Marine_water
22,sediment,135A-16,ISP2M50,heat_shock,Marine_water
22,sediment,135A-17-Bacillus simplex,ISP2M50,heat_shock,Marine_water
22,sediment,135A-18,NZSGM,heat_shock,Marine_water
22,sediment,135A-19,NZSGM,heat_shock,Marine_water
22,sediment,135A-20,NZSGM,heat_shock,Marine_water
22,sediment,135A-21,NZSGM,heat_shock,Marine_water
22,sediment,135A-22,NZSGM,heat_shock,Marine_water
22,sediment,135A-23,NZSGM,heat_shock,Marine_water
22,sediment,135A-24,NZSGM,heat_shock,Marine_water
22,sediment,135A-25,NZSGM,heat_shock,Marine_water
22,sediment,135A-26,NZSGM,heat_shock,Marine_water
22,sediment,135A-27-Bacillus sp.,NZSGM,heat_shock,Marine_water
22,sediment,135A-28,NZSGM,heat_shock,Marine_water
22,sediment,135A-29,NZSGM,heat_shock,Marine_water
22,sediment,135A-30,SWA,heat_shock,Marine_water
22,sediment,135A-31,SWA,heat_shock,Marine_water
22,sediment,135A-32,SWA,heat_shock,Marine_water
22,sediment,135A-33,SWA,heat_shock,Marine_water
22,sediment,135A-34,SWA,heat_shock,Marine_water
22,sediment,135A-35,SWA,heat_shock,Marine_water
22,sediment,135A-36,SWA,heat_shock,Marine_water
22,sediment,135A-37,SWA,heat_shock,Marine_water
22,sediment,135A-38,ISP2M50,heat_shock,Marine_water
22,sediment,135A-39,ISP2M50,heat_shock,Marine_water
22,sediment,135A-40,Chitin,heat_shock,Marine_water
22,sediment,135A-41,Chitin,heat_shock,Marine_water
22,sediment,135A-42,Chitin,heat_shock,Marine_water
23,sediment,136A-1,ISP2M50,no_heat_shock,Marine_water
23,sediment,136A-2,ISP2M50,no_heat_shock,Marine_water
23,sediment,136A-3,ISP2M50,no_heat_shock,Marine_water
23,sediment,136A-4,A1M50,no_heat_shock,Marine_water
23,sediment,136A-5,A1M50,no_heat_shock,Marine_water
23,sediment,136A-6,A1M50,no_heat_shock,Marine_water
23,sediment,136A-7,A1M50,no_heat_shock,Marine_water
23,sediment,136A-8,A1M50,no_heat_shock,Marine_water
23,sediment,136A-9,A1M50,no_heat_shock,Marine_water
23,sediment,136A-10,A1M50,no_heat_shock,Marine_water
23,sediment,136A-11,A1M50,no_heat_shock,Marine_water
23,sediment,136A-12,A1M50,no_heat_shock,Marine_water
23,sediment,136A-13,A1M50,no_heat_shock,Marine_water
23,sediment,136A-14,A1M50,no_heat_shock,Marine_water
23,sediment,136A-15-Cellulophaga sp.,A1M50,no_heat_shock,Marine_water
23,sediment,136A-16,A1M50,no_heat_shock,Marine_water
23,sediment,136A-17-Salinococcus sp.,A1M50,no_heat_shock,Marine_water
23,sediment,136A-18,A1M50,no_heat_shock,Marine_water
23,sediment,136A-19,A1M50,no_heat_shock,Marine_water
23,sediment,136A-20,A1M50,no_heat_shock,Marine_water
23,sediment,136A-21-Salinicoccus sp.,A1M50,no_heat_shock,Marine_water
23,sediment,136A-22,A1M50,no_heat_shock,Marine_water
23,sediment,136A-23,A1M50,no_heat_shock,Marine_water
23,sediment,136A-24,A1M50,no_heat_shock,Marine_water
23,sediment,136A-25,A1M50,no_heat_shock,Marine_water
23,sediment,136A-26,A1M50,no_heat_shock,Marine_water
23,sediment,136A-27,A1M50,no_heat_shock,Marine_water
23,sediment,136A-28-Shewanella sp.,A1M50,no_heat_shock,Marine_water
23,sediment,136A-29,A1M50,no_heat_shock,Marine_water
23,sediment,136A-30,A1M50,no_heat_shock,Marine_water
23,sediment,136A-31-Shewanella sp.,A1M50,no_heat_shock,Marine_water
23,sediment,136A-32,NZSGM,no_heat_shock,Marine_water
23,sediment,136A-33,NZSGM,no_heat_shock,Marine_water
23,sediment,136A-34,NZSGM,no_heat_shock,Marine_water
23,sediment,136A-35,NZSGM,no_heat_shock,Marine_water
23,sediment,136A-36,NZSGM,no_heat_shock,Marine_water
23,sediment,136A-37,SWA,no_heat_shock,Marine_water
23,sediment,136A-38,SWA,no_heat_shock,Marine_water
23,sediment,136A-39,SWA,no_heat_shock,Marine_water
23,sediment,136A-40,SWA,no_heat_shock,Marine_water
23,sediment,136A-41,SWA,no_heat_shock,Marine_water
23,sediment,136A-42,SWA,no_heat_shock,Marine_water
23,sediment,136A-43-Cellulophaga sp.,SWA,no_heat_shock,Marine_water
23,sediment,136A-44-Cellulophaga sp.,SWA,no_heat_shock,Marine_water
23,sediment,136A-45,SWA,no_heat_shock,Marine_water
23,sediment,136A-46,SWA,no_heat_shock,Marine_water
23,sediment,136A-47,SWA,no_heat_shock,Marine_water
23,sediment,136A-48,SWA,no_heat_shock,Marine_water
23,sediment,136A-49,SWA,no_heat_shock,Marine_water
23,sediment,136A-50,SWA,no_heat_shock,Marine_water
23,sediment,136A-51,SWA,no_heat_shock,Marine_water
23,sediment,136A-52,SWA,no_heat_shock,Marine_water
23,sediment,136A-53,SWA,no_heat_shock,Marine_water
23,sediment,136A-54,SWA,no_heat_shock,Marine_water
23,sediment,136A-55,SWA,no_heat_shock,Marine_water
23,sediment,136A-56,SWA,no_heat_shock,Marine_water
23,sediment,136A-57,SWA,no_heat_shock,Marine_water
23,sediment,136A-58,SWA,no_heat_shock,Marine_water
23,sediment,136A-59,SWA,no_heat_shock,Marine_water
23,sediment,136A-60,SWA,no_heat_shock,Marine_water
23,sediment,136A-61,SWA,no_heat_shock,Marine_water
23,sediment,136A-62,SWA,no_heat_shock,Marine_water
23,sediment,136A-63,SWA,no_heat_shock,Marine_water
23,sediment,136A-64,SWA,no_heat_shock,Marine_water
23,sediment,136A-65,SWA,no_heat_shock,Marine_water
23,sediment,136A-66,SWA,no_heat_shock,Marine_water
23,sediment,136A-67,SWA,no_heat_shock,Marine_water
23,sediment,136A-68,SWA,no_heat_shock,Marine_water
23,sediment,136A-69,SWA,no_heat_shock,Marine_water
23,sediment,136A-70,SWA,no_heat_shock,Marine_water
23,sediment,136A-71-Cellulophaga sp.,SWA,no_heat_shock,Marine_water
23,sediment,136A-72,SWA,no_heat_shock,Marine_water
23,sediment,136A-73,SWA,no_heat_shock,Marine_water
23,sediment,136A-74-Cellulophaga sp.,SWA,no_heat_shock,Marine_water
23,sediment,136A-75,SWA,no_heat_shock,Marine_water
23,sediment,136A-76,Chitin,no_heat_shock,Marine_water
23,sediment,136A-77,Chitin,no_heat_shock,Marine_water
23,sediment,136A-78,Chitin,no_heat_shock,Marine_water
23,sediment,136A-79,Chitin,no_heat_shock,Marine_water
23,sediment,136A-80,Chitin,no_heat_shock,Marine_water
23,sediment,136A-81,Chitin,no_heat_shock,Marine_water
23,sediment,136A-82-Shewanella sp.,Chitin,no_heat_shock,Marine_water
23,sediment,136A-83,Chitin,no_heat_shock,Marine_water
23,sediment,136A-84,Chitin,no_heat_shock,Marine_water
23,sediment,136A-85,Chitin,no_heat_shock,Marine_water
23,sediment,136A-86,Chitin,no_heat_shock,Marine_water
23,sediment,136A-87-Shewanella sp.,Chitin,no_heat_shock,Marine_water
23,sediment,136A-88-Shewanella sp.,Chitin,no_heat_shock,Marine_water
23,sediment,136A-89,Chitin,no_heat_shock,Marine_water
23,sediment,136A-90,Chitin,no_heat_shock,Marine_water
23,sediment,136A-91-Micrococcus sp.,Chitin,no_heat_shock,Marine_water
23,sediment,136A-92,Chitin,no_heat_shock,Marine_water
23,sediment,136A-93,Chitin,no_heat_shock,Marine_water
23,sediment,136A-94,Chitin,no_heat_shock,Marine_water
23,sediment,136A-95,Chitin,no_heat_shock,Marine_water
23,sediment,136A-96-Salinicoccus sp.,Chitin,no_heat_shock,Marine_water
23,sediment,136A-97,Chitin,no_heat_shock,Marine_water
23,sediment,136A-98,Chitin,no_heat_shock,Marine_water
23,sediment,136A-99,Chitin,no_heat_shock,Marine_water
23,sediment,136A-100,Chitin,no_heat_shock,Marine_water
23,sediment,136A-101,Chitin,no_heat_shock,Marine_water
23,sediment,136A-102,Chitin,no_heat_shock,Marine_water
23,sediment,136A-103,Chitin,no_heat_shock,Marine_water
23,sediment,136A-104,Chitin,no_heat_shock,Marine_water
23,sediment,136A-105,Chitin,no_heat_shock,Marine_water
23,sediment,136A-106,Chitin,no_heat_shock,Marine_water
23,sediment,136A-107,Chitin,no_heat_shock,Marine_water
23,sediment,136A-108,Chitin,no_heat_shock,Marine_water
24,sponge,137A-1,NZSGM,heat_shock,Marine_water
24,sponge,137A-2,SWA,heat_shock,Marine_water
24,sponge,137A-3,SWA,heat_shock,Marine_water
24,sponge,137A-4,SWA,heat_shock,Marine_water
24,sponge,137A-5,SWA,heat_shock,Marine_water
24,sponge,137A-6,SWA,heat_shock,Marine_water
24,sponge,137A-7,SWA,heat_shock,Marine_water
24,sponge,137A-8,SWA,heat_shock,Marine_water
24,sponge,137A-9,SWA,heat_shock,Marine_water
24,sponge,137A-10,SWA,heat_shock,Marine_water
24,sponge,137A-11,SWA,heat_shock,Marine_water
24,sponge,137A-12-Shewanella sp.,SWA,heat_shock,Marine_water
24,sponge,137A-13,SWA,heat_shock,Marine_water
24,sponge,137A-14,SWA,heat_shock,Marine_water
24,sponge,137A-15,SWA,heat_shock,Marine_water
24,sponge,137A-16,SWA,heat_shock,Marine_water
24,sponge,137A-17,SWA,heat_shock,Marine_water
24,sponge,137A-18,SWA,heat_shock,Marine_water
24,sponge,137A-19,SWA,heat_shock,Marine_water
24,sponge,137A-20,Chitin,heat_shock,Marine_water
24,sponge,137A-21,Chitin,heat_shock,Marine_water
24,sponge,137A-22,Chitin,heat_shock,Marine_water
24,sponge,137A-23,Chitin,heat_shock,Marine_water
24,sponge,137A-24,Chitin,heat_shock,Marine_water
24,sponge,137A-25,Chitin,heat_shock,Marine_water
24,sponge,137A-26,Chitin,heat_shock,Marine_water
24,sponge,137A-27,Chitin,heat_shock,Marine_water
24,sponge,137A-28,Chitin,heat_shock,Marine_water
24,sponge,137B-1-Rhodococcus fascians,A1M50,heat_shock,Marine_water
24,sponge,137B-2,A1M50,heat_shock,Marine_water
24,sponge,137B-3,A1M50,heat_shock,Marine_water
24,sponge,137B-4,A1M50,heat_shock,Marine_water
24,sponge,137B-5,A1M50,heat_shock,Marine_water
24,sponge,137B-6,A1M50,heat_shock,Marine_water
24,sponge,137B-7,A1M50,heat_shock,Marine_water
24,sponge,137B-8,A1M50,heat_shock,Marine_water
24,sponge,137B-9,A1M50,heat_shock,Marine_water
24,sponge,137B-10,A1M50,heat_shock,Marine_water
24,sponge,137B-11,A1M50,heat_shock,Marine_water
24,sponge,137B-12,A1M50,heat_shock,Marine_water
24,sponge,137B-13,A1M50,heat_shock,Marine_water
24,sponge,137B-14,A1M50,heat_shock,Marine_water
24,sponge,137B-15,A1M50,heat_shock,Marine_water
24,sponge,137B-16,A1M50,heat_shock,Marine_water
24,sponge,137B-17,A1M50,heat_shock,Marine_water
24,sponge,137B-18-Nocardioides sp.,A1M50,heat_shock,Marine_water
24,sponge,137B-19,A1M50,heat_shock,Marine_water
24,sponge,137B-20,A1M50,heat_shock,Marine_water
24,sponge,137B-21,A1M50,heat_shock,Marine_water
24,sponge,137B-22,A1M50,heat_shock,Marine_water
24,sponge,137B-23,A1M50,heat_shock,Marine_water
24,sponge,137B-24,A1M50,heat_shock,Marine_water
24,sponge,137B-25,A1M50,heat_shock,Marine_water
24,sponge,137B-26,A1M50,heat_shock,Marine_water
24,sponge,137B-27,A1M50,heat_shock,Marine_water
24,sponge,137B-28,A1M50,heat_shock,Marine_water
24,sponge,137B-29,A1M50,heat_shock,Marine_water
24,sponge,137B-30-Nocardioides glacieisoli,A1M50,heat_shock,Marine_water
24,sponge,137B-31,A1M50,heat_shock,Marine_water
24,sponge,137B-32,A1M50,heat_shock,Marine_water
24,sponge,137B-33-Nocardioides sp.,A1M50,heat_shock,Marine_water
24,sponge,137B-34,SWA,heat_shock,Marine_water
24,sponge,137B-35,SWA,heat_shock,Marine_water
24,sponge,137B-36,SWA,heat_shock,Marine_water
24,sponge,137B-37,SWA,heat_shock,Marine_water
24,sponge,137B-38,SWA,heat_shock,Marine_water
24,sponge,137B-39,SWA,heat_shock,Marine_water
24,sponge,137B-40,SWA,heat_shock,Marine_water
24,sponge,137B-41,SWA,heat_shock,Marine_water
24,sponge,137B-42,SWA,heat_shock,Marine_water
24,sponge,137B-43,ISP2M50,heat_shock,Marine_water
24,sponge,137B-44,NZSGM,heat_shock,Marine_water
24,sponge,137B-45,NZSGM,heat_shock,Marine_water
24,sponge,137B-46,NZSGM,heat_shock,Marine_water
24,sponge,137B-47,NZSGM,heat_shock,Marine_water
24,sponge,137C-1,A1M50,heat_shock,Marine_water
24,sponge,137C-2,A1M50,heat_shock,Marine_water
24,sponge,137C-3,A1M50,heat_shock,Marine_water
24,sponge,137C-4,ISP2M50,heat_shock,Marine_water
24,sponge,137C-5,NZSGM,heat_shock,Marine_water
24,sponge,137C-6,SWA,heat_shock,Marine_water
24,sponge,137C-7,SWA,heat_shock,Marine_water
24,sponge,137C-8,SWA,heat_shock,Marine_water
24,sponge,137C-9,SWA,heat_shock,Marine_water
24,sponge,137C-10,SWA,heat_shock,Marine_water
24,sponge,137C-11,SWA,heat_shock,Marine_water
24,sponge,137C-12,SWA,heat_shock,Marine_water
24,sponge,137C-13,SWA,heat_shock,Marine_water
24,sponge,137C-14,SWA,heat_shock,Marine_water
24,sponge,137C-15,SWA,heat_shock,Marine_water
24,sponge,137C-16,SWA,heat_shock,Marine_water
24,sponge,137C-17,SWA,heat_shock,Marine_water
24,sponge,137C-18,SWA,heat_shock,Marine_water
24,sponge,137C-19,SWA,heat_shock,Marine_water
24,sponge,137C-20,SWA,heat_shock,Marine_water
24,sponge,137C-21-Microbacterium deminutum,SWA,heat_shock,Marine_water
24,sponge,137C-22,SWA,heat_shock,Marine_water
24,sponge,137C-23-Shewanella sp.,SWA,heat_shock,Marine_water
24,sponge,137C-24,SWA,heat_shock,Marine_water
24,sponge,137C-25,SWA,heat_shock,Marine_water
24,sponge,137C-26,SWA,heat_shock,Marine_water
24,sponge,137C-27,SWA,heat_shock,Marine_water
24,jelly_egg,137D-1,ISP2M50,heat_shock,Marine_water
24,jelly_egg,137D-2,ISP2M50,heat_shock,Marine_water
24,jelly_egg,137D-3-Rhodococcus sp.,NZSGM,heat_shock,Marine_water
24,jelly_egg,137D-4,SWA,heat_shock,Marine_water
24,jelly_egg,137D-5,SWA,heat_shock,Marine_water
24,jelly_egg,137D-6,SWA,heat_shock,Marine_water
24,jelly_egg,137D-7,SWA,heat_shock,Marine_water
24,jelly_egg,137D-8,SWA,heat_shock,Marine_water
24,jelly_egg,137D-9,SWA,heat_shock,Marine_water
24,jelly_egg,137D-10,SWA,heat_shock,Marine_water
24,jelly_egg,137D-11,SWA,heat_shock,Marine_water
24,jelly_egg,137D-12,SWA,heat_shock,Marine_water
24,jelly_egg,137D-13,SWA,heat_shock,Marine_water
24,jelly_egg,137D-14,SWA,heat_shock,Marine_water
24,jelly_egg,137D-15,SWA,heat_shock,Marine_water
24,jelly_egg,137D-16,SWA,heat_shock,Marine_water
24,jelly_egg,137D-17,SWA,heat_shock,Marine_water
24,jelly_egg,137D-18,SWA,heat_shock,Marine_water
24,jelly_egg,137D-19,SWA,heat_shock,Marine_water
24,jelly_egg,137D-20,SWA,heat_shock,Marine_water
24,jelly_egg,137D-21,SWA,heat_shock,Marine_water
24,jelly_egg,137D-22,SWA,heat_shock,Marine_water
24,tunicate,137F-1,SWA,heat_shock,Marine_water
24,tunicate,137F-2,SWA,heat_shock,Marine_water
24,tunicate,137F-3,SWA,heat_shock,Marine_water
24,tunicate,137F-4,SWA,heat_shock,Marine_water
24,tunicate,137F-5,A1M50,heat_shock,Marine_water
24,tunicate,137F-6,A1M50,heat_shock,Marine_water
24,tunicate,137F-7-Cellulophaga sp.,A1M50,heat_shock,Marine_water
24,tunicate,137F-8,A1M50,heat_shock,Marine_water
24,tunicate,137F-9,A1M50,heat_shock,Marine_water
25,algae,138A-1,NZSGM,no_heat_shock,Marine_water
25,algae,138A-2,NZSGM,no_heat_shock,Marine_water
25,algae,138A-3,NZSGM,no_heat_shock,Marine_water
25,algae,138A-4,NZSGM,no_heat_shock,Marine_water
25,algae,138A-5,NZSGM,no_heat_shock,Marine_water
25,algae,138A-6,NZSGM,no_heat_shock,Marine_water
25,algae,138A-7,ISP2M50,no_heat_shock,Marine_water
25,algae,138A-8,A1M50,no_heat_shock,Marine_water
25,algae,138A-9,A1M50,no_heat_shock,Marine_water
25,algae,138A-10,A1M50,no_heat_shock,Marine_water
25,algae,138A-11,A1M50,no_heat_shock,Marine_water
25,algae,138A-12,A1M50,no_heat_shock,Marine_water
25,algae,138A-13,A1M50,no_heat_shock,Marine_water
25,algae,138A-14,A1M50,no_heat_shock,Marine_water
25,algae,138A-15,A1M50,no_heat_shock,Marine_water
25,algae,138A-16-Shewanella sp.,A1M50,no_heat_shock,Marine_water
25,algae,138A-17,A1M50,no_heat_shock,Marine_water
25,algae,138A-18,SWA,no_heat_shock,Marine_water
25,algae,138A-19,SWA,no_heat_shock,Marine_water
25,algae,138A-20,SWA,no_heat_shock,Marine_water
25,algae,138A-21,SWA,no_heat_shock,Marine_water
25,algae,138A-22,SWA,no_heat_shock,Marine_water
25,algae,138A-23,SWA,no_heat_shock,Marine_water
25,algae,138A-24,SWA,no_heat_shock,Marine_water
25,algae,138A-25-Shewanella sp.,SWA,no_heat_shock,Marine_water
25,algae,138A-26,SWA,no_heat_shock,Marine_water
25,algae,138A-27-Shewanella sp.,SWA,no_heat_shock,Marine_water
25,algae,138A-28,SWA,no_heat_shock,Marine_water
25,algae,138A-29,SWA,no_heat_shock,Marine_water
25,algae,138A-30,SWA,no_heat_shock,Marine_water
25,algae,138A-31,SWA,no_heat_shock,Marine_water
25,algae,138A-32,SWA,no_heat_shock,Marine_water
25,algae,138A-33,SWA,no_heat_shock,Marine_water
25,algae,138A-34,SWA,no_heat_shock,Marine_water
25,algae,138A-35,SWA,no_heat_shock,Marine_water
25,algae,138A-36,SWA,no_heat_shock,Marine_water
25,algae,138A-37,SWA,no_heat_shock,Marine_water
25,algae,138A-38,SWA,no_heat_shock,Marine_water
25,algae,138A-39-Shewanella sp.,SWA,no_heat_shock,Marine_water
25,algae,138A-40,SWA,no_heat_shock,Marine_water
25,algae,138A-41,SWA,no_heat_shock,Marine_water
25,algae,138A-42,SWA,no_heat_shock,Marine_water
25,algae,138A-43,SWA,no_heat_shock,Marine_water
25,algae,138A-44,SWA,no_heat_shock,Marine_water
25,algae,138A-45,SWA,no_heat_shock,Marine_water
25,algae,138A-46,SWA,no_heat_shock,Marine_water
25,algae,138A-47,SWA,no_heat_shock,Marine_water
25,algae,138A-48,SWA,no_heat_shock,Marine_water
25,algae,138A-49,SWA,no_heat_shock,Marine_water
25,algae,138A-50,SWA,no_heat_shock,Marine_water
25,algae,138A-51,SWA,no_heat_shock,Marine_water
25,algae,138A-52,SWA,no_heat_shock,Marine_water
25,algae,138A-53,SWA,no_heat_shock,Marine_water
25,algae,138B-1,ISP2M50,no_heat_shock,Marine_water
25,algae,138B-2,ISP2M50,no_heat_shock,Marine_water
25,algae,138B-3,ISP2M50,no_heat_shock,Marine_water
25,algae,138B-4,ISP2M50,no_heat_shock,Marine_water
25,algae,138B-5,ISP2M50,no_heat_shock,Marine_water
25,algae,138B-6,ISP2M50,no_heat_shock,Marine_water
25,algae,138B-7,ISP2M50,no_heat_shock,Marine_water
25,algae,138B-8,A1M50,no_heat_shock,Marine_water
25,algae,138B-9,A1M50,no_heat_shock,Marine_water
25,algae,138B-10-Cellulophaga sp.,A1M50,no_heat_shock,Marine_water
25,algae,138B-11,A1M50,no_heat_shock,Marine_water
25,algae,138B-12,A1M50,no_heat_shock,Marine_water
25,algae,138B-13,A1M50,no_heat_shock,Marine_water
25,algae,138B-14,SWA,no_heat_shock,Marine_water
25,algae,138B-15-Algoriphagus sp.,SWA,no_heat_shock,Marine_water
25,algae,138B-16,SWA,no_heat_shock,Marine_water
25,algae,138B-17,SWA,no_heat_shock,Marine_water
25,algae,138B-18,SWA,no_heat_shock,Marine_water
25,algae,138B-19,SWA,no_heat_shock,Marine_water
25,algae,138B-20,SWA,no_heat_shock,Marine_water
25,algae,138B-21,SWA,no_heat_shock,Marine_water
25,algae,138B-22,SWA,no_heat_shock,Marine_water
25,algae,138B-23,SWA,no_heat_shock,Marine_water
25,algae,138B-24,SWA,no_heat_shock,Marine_water
25,algae,138B-25,SWA,no_heat_shock,Marine_water
25,algae,138B-26,SWA,no_heat_shock,Marine_water
25,algae,138B-27,SWA,no_heat_shock,Marine_water
25,algae,138B-28,SWA,no_heat_shock,Marine_water
25,algae,138B-29,SWA,no_heat_shock,Marine_water
25,algae,138B-30,SWA,no_heat_shock,Marine_water
25,algae,138B-31,SWA,no_heat_shock,Marine_water
25,algae,138B-32,SWA,no_heat_shock,Marine_water
25,algae,138B-33,SWA,no_heat_shock,Marine_water
25,algae,138B-34,SWA,no_heat_shock,Marine_water
25,algae,138B-35,SWA,no_heat_shock,Marine_water
25,algae,138B-36,SWA,no_heat_shock,Marine_water
25,algae,138B-37,SWA,no_heat_shock,Marine_water
25,algae,138B-38,SWA,no_heat_shock,Marine_water
25,algae,138B-39,SWA,no_heat_shock,Marine_water
25,algae,138B-40,SWA,no_heat_shock,Marine_water
25,algae,138B-41,SWA,no_heat_shock,Marine_water
25,algae,138B-42,SWA,no_heat_shock,Marine_water
25,algae,138B-43,SWA,no_heat_shock,Marine_water
25,algae,138B-44,SWA,no_heat_shock,Marine_water
25,algae,138B-45,SWA,no_heat_shock,Marine_water
25,algae,138B-46,SWA,no_heat_shock,Marine_water
25,tunicate,138D-1,ISP2M50,heat_shock,Marine_water
25,tunicate,138D-2,ISP2M50,heat_shock,Marine_water
25,tunicate,138D-3,A1M50,heat_shock,Marine_water
25,tunicate,138D-4,SWA,heat_shock,Marine_water
25,tunicate,138D-5-Shewanella sp.,SWA,heat_shock,Marine_water
25,tunicate,138D-6,SWA,heat_shock,Marine_water
25,tunicate,138D-7,SWA,heat_shock,Marine_water
25,tunicate,138D-8,SWA,heat_shock,Marine_water
25,tunicate,138D-9,SWA,heat_shock,Marine_water
25,tunicate,138D-10,SWA,heat_shock,Marine_water
25,tunicate,138D-11,SWA,heat_shock,Marine_water
25,tunicate,138D-12,SWA,heat_shock,Marine_water
25,tunicate,138D-13,SWA,heat_shock,Marine_water
25,tunicate,138D-14,SWA,heat_shock,Marine_water
25,tunicate,138D-15,SWA,heat_shock,Marine_water
25,tunicate,138D-16,SWA,heat_shock,Marine_water
25,tunicate,138D-17,SWA,heat_shock,Marine_water
25,tunicate,138D-18,SWA,heat_shock,Marine_water
25,tunicate,1.38E+01,A1M50,heat_shock,Marine_water
25,tunicate,1.38E+00,A1M50,heat_shock,Marine_water
25,tunicate,1.38E-01,A1M50,heat_shock,Marine_water
25,tunicate,1.38E-02,NZSGM,heat_shock,Marine_water
25,tunicate,1.38E-03,NZSGM,heat_shock,Marine_water
25,tunicate,1.38E-04,NZSGM,heat_shock,Marine_water
25,sponge,138F-1,Chitin,heat_shock,Marine_water
25,sponge,138F-2,NZSGM,heat_shock,Marine_water
25,sponge,138F-3,NZSGM,heat_shock,Marine_water
25,sponge,138F-4,A1M50,heat_shock,Marine_water
25,sponge,138F-5,A1M50,heat_shock,Marine_water
25,sponge,138F-6,SWA,heat_shock,Marine_water
25,sponge,138F-7,SWA,heat_shock,Marine_water
25,sponge,138F-8,SWA,heat_shock,Marine_water
25,sponge,138F-9,SWA,heat_shock,Marine_water
25,sponge,138F-10,SWA,heat_shock,Marine_water
25,sponge,138F-11,ISP2M50,heat_shock,Marine_water
25,sponge,138F-12,ISP2M50,heat_shock,Marine_water
25,sponge,138G-1,NZSGM,heat_shock,Marine_water
25,sponge,138H-1,ISP2M50,heat_shock,Marine_water
25,sponge,138H-2,ISP2M50,heat_shock,Marine_water
25,sponge,138H-3,ISP2M50,heat_shock,Marine_water
25,sponge,138H-4-Maribacter sp.,ISP2M50,heat_shock,Marine_water
25,sponge,138H-5,ISP2M50,heat_shock,Marine_water
25,sponge,138H-6,ISP2M50,heat_shock,Marine_water
25,sponge,138H-7,ISP2M50,heat_shock,Marine_water
25,sponge,138H-8,NZSGM,heat_shock,Marine_water
25,sponge,138H-9,NZSGM,heat_shock,Marine_water
25,sponge,138H-10,NZSGM,heat_shock,Marine_water
25,sponge,138H-11,NZSGM,heat_shock,Marine_water
25,sponge,138H-12,NZSGM,heat_shock,Marine_water
25,sponge,138H-13,NZSGM,heat_shock,Marine_water
25,sponge,138H-14,NZSGM,heat_shock,Marine_water
25,sponge,138H-15,A1M50,heat_shock,Marine_water
25,sponge,138H-16,A1M50,heat_shock,Marine_water
25,sponge,138H-17,A1M50,heat_shock,Marine_water
25,sponge,138H-18,A1M50,heat_shock,Marine_water
25,sponge,138H-19,A1M50,heat_shock,Marine_water
25,sponge,138H-20,A1M50,heat_shock,Marine_water
25,sponge,138H-21,A1M50,heat_shock,Marine_water
25,sponge,138H-22,A1M50,heat_shock,Marine_water
25,sponge,138H-23,A1M50,heat_shock,Marine_water
25,sponge,138H-24,A1M50,heat_shock,Marine_water
25,sponge,138H-25,A1M50,heat_shock,Marine_water
25,sponge,138H-26,A1M50,heat_shock,Marine_water
25,sponge,138H-27,A1M50,heat_shock,Marine_water
25,sponge,138H-28,A1M50,heat_shock,Marine_water
25,sponge,138H-29,A1M50,heat_shock,Marine_water
25,sponge,138H-30,A1M50,heat_shock,Marine_water
25,sponge,138H-31,A1M50,heat_shock,Marine_water
25,sponge,138H-32,A1M50,heat_shock,Marine_water
25,sponge,138H-33,A1M50,heat_shock,Marine_water
25,sponge,138H-34,A1M50,heat_shock,Marine_water
25,sponge,138H-35,SWA,heat_shock,Marine_water
25,sponge,138H-36,SWA,heat_shock,Marine_water
25,sponge,138H-37,SWA,heat_shock,Marine_water
25,sponge,138H-38,SWA,heat_shock,Marine_water
25,sponge,138H-39,SWA,heat_shock,Marine_water
25,sponge,138H-40,SWA,heat_shock,Marine_water
25,sponge,138H-41,SWA,heat_shock,Marine_water
25,sponge,138H-42,SWA,heat_shock,Marine_water
25,sponge,138H-43,SWA,heat_shock,Marine_water
25,sponge,138H-44,SWA,heat_shock,Marine_water
25,sponge,138H-45,SWA,heat_shock,Marine_water
25,sponge,138H-46,SWA,heat_shock,Marine_water
25,sponge,138H-47,SWA,heat_shock,Marine_water
25,sponge,138H-48,SWA,heat_shock,Marine_water
25,sponge,138H-49,SWA,heat_shock,Marine_water
25,sponge,138H-50,SWA,heat_shock,Marine_water
25,sponge,138H-51,SWA,heat_shock,Marine_water
25,sponge,138H-52,SWA,heat_shock,Marine_water
25,sponge,138H-53,SWA,heat_shock,Marine_water
25,sponge,138H-54,SWA,heat_shock,Marine_water
25,sponge,138H-55,SWA,heat_shock,Marine_water
25,sponge,138H-56,SWA,heat_shock,Marine_water
25,sponge,138H-57,SWA,heat_shock,Marine_water
25,sponge,138H-58,SWA,heat_shock,Marine_water
25,sponge,138H-59,SWA,heat_shock,Marine_water
25,sponge,138H-60,SWA,heat_shock,Marine_water
25,sponge,138H-61,SWA,heat_shock,Marine_water
25,sponge,138H-62,SWA,heat_shock,Marine_water
25,sponge,138H-63-Aquimarina sp.,SWA,heat_shock,Marine_water
25,sponge,138H-64,SWA,heat_shock,Marine_water
25,sponge,138H-65,SWA,heat_shock,Marine_water
25,sponge,138H-66,SWA,heat_shock,Marine_water
25,sponge,138H-67,SWA,heat_shock,Marine_water
25,sponge,138H-68,SWA,heat_shock,Marine_water
25,sponge,138H-69,SWA,heat_shock,Marine_water
25,sponge,138H-70,SWA,heat_shock,Marine_water
25,sponge,138H-71,SWA,heat_shock,Marine_water
25,sponge,138H-72,SWA,heat_shock,Marine_water
25,sponge,138H-73,SWA,heat_shock,Marine_water
25,sponge,138H-74,SWA,heat_shock,Marine_water
25,sponge,138H-75,SWA,heat_shock,Marine_water
25,sponge,138H-76,SWA,heat_shock,Marine_water
25,sponge,138H-77,SWA,heat_shock,Marine_water
25,sponge,138H-78,SWA,heat_shock,Marine_water
25,sponge,138H-79,SWA,heat_shock,Marine_water
25,sponge,138H-80,SWA,heat_shock,Marine_water
25,sponge,138H-81-Loktanella sp.,SWA,heat_shock,Marine_water
25,sponge,138H-82,SWA,heat_shock,Marine_water
25,sponge,138H-83,SWA,heat_shock,Marine_water
25,sponge,138H-84,SWA,heat_shock,Marine_water
25,sponge,138H-85,SWA,heat_shock,Marine_water
25,sponge,138H-86,SWA,heat_shock,Marine_water
25,sponge,138H-87,SWA,heat_shock,Marine_water
25,sponge,138H-88-Aquimarina sp.,SWA,heat_shock,Marine_water
25,sponge,138H-89,SWA,heat_shock,Marine_water
25,sponge,138I-1,NZSGM,heat_shock,Marine_water
25,sponge,138I-2,NZSGM,heat_shock,Marine_water
25,sponge,138I-3,NZSGM,heat_shock,Marine_water
25,sponge,138I-4,NZSGM,heat_shock,Marine_water
25,sponge,138I-5,NZSGM,heat_shock,Marine_water
25,sponge,138I-6,A1M50,heat_shock,Marine_water
25,sponge,138I-7-Shewanella sp.,A1M50,heat_shock,Marine_water
25,sponge,138I-8,A1M50,heat_shock,Marine_water
25,sponge,138I-9,SWA,heat_shock,Marine_water
25,sponge,138I-10,SWA,heat_shock,Marine_water
25,sponge,138I-11,SWA,heat_shock,Marine_water
25,sponge,138I-12,SWA,heat_shock,Marine_water
25,sponge,138I-13,SWA,heat_shock,Marine_water
25,sponge,138I-14,SWA,heat_shock,Marine_water
25,sponge,138I-15,SWA,heat_shock,Marine_water
25,sponge,138I-16,SWA,heat_shock,Marine_water
25,sponge,138I-17,SWA,heat_shock,Marine_water
25,sponge,138I-18,SWA,heat_shock,Marine_water
25,sponge,138I-19-Shewanella sp.,SWA,heat_shock,Marine_water
25,sponge,138I-20,SWA,heat_shock,Marine_water
25,sponge,138I-21,SWA,heat_shock,Marine_water
25,sponge,138I-22,SWA,heat_shock,Marine_water
25,sponge,138J-1,A1M50,heat_shock,Marine_water
25,sponge,138J-2,A1M50,heat_shock,Marine_water
25,sponge,138J-3,A1M50,heat_shock,Marine_water
25,sponge,138J-4,A1M50,heat_shock,Marine_water
25,sponge,138J-5,A1M50,heat_shock,Marine_water
25,sponge,138J-6,A1M50,heat_shock,Marine_water
25,sponge,138J-7,A1M50,heat_shock,Marine_water
25,sponge,138J-8,A1M50,heat_shock,Marine_water
25,sponge,138J-9,A1M50,heat_shock,Marine_water
25,sponge,138J-10,A1M50,heat_shock,Marine_water
25,sponge,138J-11,A1M50,heat_shock,Marine_water
25,sponge,138J-12,A1M50,heat_shock,Marine_water
25,sponge,138J-13-Shewanella sp.,A1M50,heat_shock,Marine_water
25,sponge,138J-14,A1M50,heat_shock,Marine_water
25,sponge,138J-15,A1M50,heat_shock,Marine_water
25,sponge,138J-16,A1M50,heat_shock,Marine_water
25,sponge,138J-17-Shewanella sp.,A1M50,heat_shock,Marine_water
25,sponge,138J-18,A1M50,heat_shock,Marine_water
25,sponge,138J-19,ISP2M50,heat_shock,Marine_water
25,sponge,138J-20,ISP2M50,heat_shock,Marine_water
25,sponge,138J-21,NZSGM,heat_shock,Marine_water
25,sponge,138J-22,NZSGM,heat_shock,Marine_water
25,sponge,138J-23,NZSGM,heat_shock,Marine_water
25,sponge,138J-24,NZSGM,heat_shock,Marine_water
25,sponge,138J-25,NZSGM,heat_shock,Marine_water
25,sponge,138J-26,SWA,heat_shock,Marine_water
25,sponge,138J-27,SWA,heat_shock,Marine_water
25,sponge,138J-28,SWA,heat_shock,Marine_water
25,sponge,138J-29,SWA,heat_shock,Marine_water
25,sponge,138J-30,SWA,heat_shock,Marine_water
25,sponge,138J-31,SWA,heat_shock,Marine_water
25,sponge,138J-32,SWA,heat_shock,Marine_water
25,sponge,138J-33,SWA,heat_shock,Marine_water
25,sponge,138J-34,SWA,heat_shock,Marine_water
25,sponge,138J-35,SWA,heat_shock,Marine_water
25,algae,138K-1,A1M50,no_heat_shock,Marine_water
25,algae,138K-2,A1M50,no_heat_shock,Marine_water
25,algae,138K-3,A1M50,no_heat_shock,Marine_water
25,algae,138K-4,A1M50,no_heat_shock,Marine_water
25,algae,138K-5,A1M50,no_heat_shock,Marine_water
25,algae,138K-6,A1M50,no_heat_shock,Marine_water
25,algae,138K-7,A1M50,no_heat_shock,Marine_water
25,algae,138K-8,A1M50,no_heat_shock,Marine_water
25,algae,138K-9,A1M50,no_heat_shock,Marine_water
25,algae,138K-10,A1M50,no_heat_shock,Marine_water
25,algae,138K-11,A1M50,no_heat_shock,Marine_water
25,algae,138K-12,A1M50,no_heat_shock,Marine_water
25,algae,138K-13,A1M50,no_heat_shock,Marine_water
25,algae,138K-15,ISP2M50,no_heat_shock,Marine_water
25,algae,138K-16,ISP2M50,no_heat_shock,Marine_water
25,algae,138K-17,ISP2M50,no_heat_shock,Marine_water
25,algae,138K-18,ISP2M50,no_heat_shock,Marine_water
25,algae,138K-19,NZSGM,no_heat_shock,Marine_water
25,algae,138K-20,NZSGM,no_heat_shock,Marine_water
25,algae,138K-21-Vibrio sp.,NZSGM,no_heat_shock,Marine_water
25,algae,138K-22,NZSGM,no_heat_shock,Marine_water
25,algae,138K-23-Rhizobium sp.,NZSGM,no_heat_shock,Marine_water
25,algae,138K-24,NZSGM,no_heat_shock,Marine_water
25,algae,138K-25,NZSGM,no_heat_shock,Marine_water
25,algae,138K-26,SWA,no_heat_shock,Marine_water
25,algae,138K-27,SWA,no_heat_shock,Marine_water
25,algae,138K-28,SWA,no_heat_shock,Marine_water
25,algae,138K-29- Shewanella sp.,SWA,no_heat_shock,Marine_water
25,algae,138K-30,SWA,no_heat_shock,Marine_water
25,algae,138K-31,SWA,no_heat_shock,Marine_water
25,algae,138K-32-Serratia sp.,SWA,no_heat_shock,Marine_water
25,algae,138K-33,SWA,no_heat_shock,Marine_water
25,algae,138K-34,SWA,no_heat_shock,Marine_water
25,algae,138K-35,SWA,no_heat_shock,Marine_water
25,algae,138K-36,SWA,no_heat_shock,Marine_water
25,algae,138K-37,SWA,no_heat_shock,Marine_water
25,algae,138K-38,SWA,no_heat_shock,Marine_water
25,algae,138K-40,SWA,no_heat_shock,Marine_water
25,algae,138K-41-Rhizobium sp.,SWA,no_heat_shock,Marine_water
25,algae,138K-42,SWA,no_heat_shock,Marine_water
25,algae,138K-43,SWA,no_heat_shock,Marine_water
25,algae,138K-44,SWA,no_heat_shock,Marine_water
25,algae,138K-45,SWA,no_heat_shock,Marine_water
25,algae,138K-46,SWA,no_heat_shock,Marine_water
25,algae,138K-47,SWA,no_heat_shock,Marine_water
25,algae,138K-48,SWA,no_heat_shock,Marine_water
25,algae,138K-49,SWA,no_heat_shock,Marine_water
25,algae,138K-50-Shewanella sp.,SWA,no_heat_shock,Marine_water
26,sediment,139A-1,ISP2M50,no_heat_shock,Marine_water
26,sediment,139A-2,ISP2M50,no_heat_shock,Marine_water
26,sediment,139A-3,ISP2M50,no_heat_shock,Marine_water
26,sediment,139A-4-Rhodococcus globerulus,ISP2M50,no_heat_shock,Marine_water
26,sediment,139A-5,ISP2M50,no_heat_shock,Marine_water
26,sediment,139A-6,ISP2M50,no_heat_shock,Marine_water
26,sediment,139A-7,ISP2M50,no_heat_shock,Marine_water
26,sediment,139A-8,ISP2M50,no_heat_shock,Marine_water
26,sediment,139A-9,ISP2M50,no_heat_shock,Marine_water
26,sediment,139A-10,ISP2M50,no_heat_shock,Marine_water
26,sediment,139A-11,ISP2M50,no_heat_shock,Marine_water
26,sediment,139A-12,ISP2M50,no_heat_shock,Marine_water
26,sediment,139A-13,ISP2M50,no_heat_shock,Marine_water
26,sediment,139A-14,ISP2M50,no_heat_shock,Marine_water
26,sediment,139A-15,ISP2M50,no_heat_shock,Marine_water
26,sediment,139A-16,ISP2M50,no_heat_shock,Marine_water
26,sediment,139A-17,ISP2M50,no_heat_shock,Marine_water
26,sediment,139A-18,ISP2M50,no_heat_shock,Marine_water
26,sediment,139A-19,ISP2M50,no_heat_shock,Marine_water
26,sediment,139A-20,ISP2M50,no_heat_shock,Marine_water
26,sediment,139A-21,ISP2M50,no_heat_shock,Marine_water
26,sediment,139A-22,ISP2M50,no_heat_shock,Marine_water
26,sediment,139A-23,ISP2M50,no_heat_shock,Marine_water
26,sediment,139A-24,ISP2M50,no_heat_shock,Marine_water
26,sediment,139A-25,ISP2M50,no_heat_shock,Marine_water
26,sediment,139A-26,ISP2M50,no_heat_shock,Marine_water
26,sediment,139A-27,ISP2M50,no_heat_shock,Marine_water
26,sediment,139A-28,ISP2M50,no_heat_shock,Marine_water
26,sediment,139A-29,ISP2M50,no_heat_shock,Marine_water
26,sediment,139A-30,ISP2M50,no_heat_shock,Marine_water
26,sediment,139A-31,A1M50,no_heat_shock,Marine_water
26,sediment,139A-32,A1M50,no_heat_shock,Marine_water
26,sediment,139A-33,A1M50,no_heat_shock,Marine_water
26,sediment,139A-34,A1M50,no_heat_shock,Marine_water
26,sediment,139A-35,A1M50,no_heat_shock,Marine_water
26,sediment,139A-36- Bacillus thuringiensis,A1M50,no_heat_shock,Marine_water
26,sediment,139A-37,A1M50,no_heat_shock,Marine_water
26,sediment,139A-38,A1M50,no_heat_shock,Marine_water
26,sediment,139A-39,A1M50,no_heat_shock,Marine_water
26,sediment,139A-40,A1M50,no_heat_shock,Marine_water
26,sediment,139A-41,A1M50,no_heat_shock,Marine_water
26,sediment,139A-42,A1M50,no_heat_shock,Marine_water
26,sediment,139A-43,A1M50,no_heat_shock,Marine_water
26,sediment,139A-44,SWA,no_heat_shock,Marine_water
26,sediment,139A-45,SWA,no_heat_shock,Marine_water
26,sediment,139A-46,SWA,no_heat_shock,Marine_water
26,sediment,139A-47,SWA,no_heat_shock,Marine_water
26,sediment,139A-48,SWA,no_heat_shock,Marine_water
26,sediment,139A-49,SWA,no_heat_shock,Marine_water
26,sediment,139A-50,SWA,no_heat_shock,Marine_water
26,sediment,139A-51,SWA,no_heat_shock,Marine_water
26,sediment,139A-52,SWA,no_heat_shock,Marine_water
26,sediment,139A-53,SWA,no_heat_shock,Marine_water
26,sediment,139A-54,SWA,no_heat_shock,Marine_water
26,sediment,139A-55,SWA,no_heat_shock,Marine_water
26,sediment,139A-56,SWA,no_heat_shock,Marine_water
26,sediment,139A-57,SWA,no_heat_shock,Marine_water
26,sediment,139A-58,SWA,no_heat_shock,Marine_water
26,sediment,139A-59,SWA,no_heat_shock,Marine_water
26,sediment,139A-60,SWA,no_heat_shock,Marine_water
26,sediment,139B-2,A1M50,no_heat_shock,Marine_water
26,sediment,139B-3,A1M50,no_heat_shock,Marine_water
26,sediment,139B-5,A1M50,no_heat_shock,Marine_water
26,sediment,139B-6,A1M50,no_heat_shock,Marine_water
26,sediment,139B-7,A1M50,no_heat_shock,Marine_water
26,sediment,139B-8-Shewanella sp.,A1M50,no_heat_shock,Marine_water
26,sediment,139B-9,A1M50,no_heat_shock,Marine_water
26,sediment,139B-10,A1M50,no_heat_shock,Marine_water
26,sediment,139B-11,A1M50,no_heat_shock,Marine_water
26,sediment,139B-12,A1M50,no_heat_shock,Marine_water
26,sediment,139B-13,A1M50,no_heat_shock,Marine_water
26,sediment,139B-14-Bacillus sp.,A1M50,no_heat_shock,Marine_water
26,sediment,139B-15-Rathayibacter festucae,A1M50,no_heat_shock,Marine_water
26,sediment,139B-16,A1M50,no_heat_shock,Marine_water
26,sediment,139B-17,A1M50,no_heat_shock,Marine_water
26,sediment,139B-18,A1M50,no_heat_shock,Marine_water
26,sediment,139B-19-Bacillus sp.,A1M50,no_heat_shock,Marine_water
26,sediment,139B-20,A1M50,no_heat_shock,Marine_water
26,sediment,139B-21,ISP2M50,no_heat_shock,Marine_water
26,sediment,139B-22,ISP2M50,no_heat_shock,Marine_water
26,sediment,139B-23,ISP2M50,no_heat_shock,Marine_water
26,sediment,139B-24,ISP2M50,no_heat_shock,Marine_water
26,sediment,139B-25,ISP2M50,no_heat_shock,Marine_water
26,sediment,139B-26,ISP2M50,no_heat_shock,Marine_water
26,sediment,139B-27,ISP2M50,no_heat_shock,Marine_water
26,sediment,139B-28,ISP2M50,no_heat_shock,Marine_water
26,sediment,139B-29,ISP2M50,no_heat_shock,Marine_water
26,sediment,139B-30,SWA,no_heat_shock,Marine_water
26,sediment,139B-31,Chitin,no_heat_shock,Marine_water
26,sediment,139B-32,Chitin,no_heat_shock,Marine_water
26,sediment,139B-34,Chitin,no_heat_shock,Marine_water
26,sediment,139B-35,Chitin,no_heat_shock,Marine_water
26,sediment,139B-36,Chitin,no_heat_shock,Marine_water
26,sediment,139B-37,Chitin,no_heat_shock,Marine_water
26,sediment,139B-38,Chitin,no_heat_shock,Marine_water
26,sediment,139B-39,Chitin,no_heat_shock,Marine_water
27,tunicate,140B-1-Bacillus licheniformis,ISP2M50,heat_shock,Marine_water
27,tunicate,140B-2,ISP2M50,heat_shock,Marine_water
27,sediment,140C-1,NZSGM,heat_shock,Marine_water
27,sediment,1.40E+01,NZSGM,heat_shock,Marine_water
27,sediment,1.40E+00,NZSGM,heat_shock,Marine_water
27,sediment,140E-3-Micrococcus luteus,NZSGM,heat_shock,Marine_water
27,sediment,1.40E-02,NZSGM,heat_shock,Marine_water
27,sediment,1.40E-03,NZSGM,heat_shock,Marine_water
27,sediment,1.40E-04,A1M50,heat_shock,Marine_water
27,sediment,1.40E-05,A1M50,heat_shock,Marine_water
27,sediment,140F-1-Bacillus psychrosaccharolyticus,ISP2M50,heat_shock,Marine_water
28,sediment,141AM-1,NZSGM,heat_shock,Marine_water
28,sediment,141AM-2,NZSGM,heat_shock,Marine_water
28,sediment,141AM-3,NZSGM,heat_shock,Marine_water
28,sediment,141AM-4,ISP2M50,heat_shock,Marine_water
28,sediment,141AF-1-Bacillus psychrosaccharolyticus,ISP2F50,heat_shock,Freshwater
28,sediment,141AF-2,ISP2F50,heat_shock,Freshwater
28,sediment,141AF-3,A1F50,heat_shock,Freshwater
28,sediment,141AM-5,ISP2M50,heat_shock,Marine_water
28,sediment,141AM-6,A1M50,heat_shock,Marine_water
28,sediment,141AM-7,SWA,heat_shock,Marine_water
28,algae,141BM-1,ISP2M50,heat_shock,Marine_water
28,algae,141BM-2,ISP2M50,heat_shock,Marine_water
28,algae,141BM-3,ISP2M50,heat_shock,Marine_water
28,algae,141BM-4,NZSGM,heat_shock,Marine_water
28,algae,141BM-5,NZSGM,heat_shock,Marine_water
28,algae,141BM-6,NZSGM,heat_shock,Marine_water
28,algae,141BM-7,A1M50,heat_shock,Marine_water
28,algae,141BM-8,A1M50,heat_shock,Marine_water
28,algae,141BM-9,A1M50,heat_shock,Marine_water
28,algae,141BM-10,A1M50,heat_shock,Marine_water
28,algae,141BM-11,SWA,heat_shock,Marine_water
28,algae,141BF-1,A1F50,heat_shock,Freshwater
28,algae,141BF-2,A1F50,heat_shock,Freshwater
28,algae,141BF-3-Pseudomonas sp.,A1F50,heat_shock,Freshwater
28,algae,141BF-4,A1F50,heat_shock,Freshwater
28,algae,141BF-5,A1F50,heat_shock,Freshwater
28,algae,141BF-6,A1F50,heat_shock,Freshwater
28,algae,141BF-7,A1F50,heat_shock,Freshwater
28,algae,141BF-8,A1F50,heat_shock,Freshwater
28,algae,141BF-9,A1F50,heat_shock,Freshwater
28,algae,141BF-10,A1F50,heat_shock,Freshwater
28,algae,141BF-11,A1F50,heat_shock,Freshwater
28,algae,141BF-12,A1F50,heat_shock,Freshwater
28,algae,141BF-13-Paenibacillus ehimensis,A1F50,heat_shock,Freshwater
28,algae,141BF-14,A1F50,heat_shock,Freshwater
28,algae,141BF-15,ISP2F50,heat_shock,Freshwater
28,algae,141BF-16,ISP2F50,heat_shock,Freshwater
28,algae,141BF-17- pSEUDOMONAS SP.,ISP2F50,heat_shock,Freshwater
28,algae,141BF-18,ISP2F50,heat_shock,Freshwater
28,algae,141BF-19,ISP2F50,heat_shock,Freshwater
28,algae,141BF-20,ISP2F50,heat_shock,Freshwater
28,algae,141BF-21,ISP2F50,heat_shock,Freshwater
28,algae,141BF-22,ISP2F50,heat_shock,Freshwater
28,algae,141BF-23,ISP2F50,heat_shock,Freshwater
28,algae,141BF-24,ISP2F50,heat_shock,Freshwater
28,algae,141BF-25,ISP2F50,heat_shock,Freshwater
28,algae,141BF-26,ISP2F50,heat_shock,Freshwater
28,algae,141BF-27,ISP2F50,heat_shock,Freshwater
28,algae,141BF-28,ISP2F50,heat_shock,Freshwater
28,algae,141BF-29,ISP2F50,heat_shock,Freshwater
28,algae,141BF-30,ISP2F50,heat_shock,Freshwater
28,algae,141BF-31,ISP2F50,heat_shock,Freshwater
28,algae,141BF-32,ISP2F50,heat_shock,Freshwater
28,algae,141BF-33,ISP2F50,heat_shock,Freshwater
28,algae,141BF-34,ISP2F50,heat_shock,Freshwater
28,algae,141BF-35-Pseudomonas fluorescens,ISP2F50,heat_shock,Freshwater
28,algae,141BF-36,ISP2F50,heat_shock,Freshwater
28,algae,141BF-37,LWA,heat_shock,Freshwater
28,algae,141BF-38,LWA,heat_shock,Freshwater
28,algae,141BF-39,LWA,heat_shock,Freshwater
28,algae,141BF-40,LWA,heat_shock,Freshwater
28,algae,141BF-42,LWA,heat_shock,Freshwater
28,algae,141BF-43,LWA,heat_shock,Freshwater
28,algae,141BF-44,LWA,heat_shock,Freshwater
28,algae,141BF-45,LWA,heat_shock,Freshwater
29,sediment,142AM-1,NZSGM,heat_shock,Marine_water
29,sediment,142AF-1,Chitin,heat_shock,Freshwater
29,sediment,142AF-2,Chitin,heat_shock,Freshwater
29,sediment,142AF-3,Chitin,heat_shock,Freshwater
29,sediment,142AF-4,A1F50,heat_shock,Freshwater
29,sediment,142AF-5,A1F50,heat_shock,Freshwater
29,sediment,142AF-6,A1F50,heat_shock,Freshwater
29,sediment,142AF-7,ISP2F50,heat_shock,Freshwater
29,sediment,142AF-8,ISP2F50,heat_shock,Freshwater
29,sediment,142AF-9,ISP2F50,heat_shock,Freshwater
29,sediment,142AF-10,ISP2F50,heat_shock,Freshwater
29,sediment,142AF-11,ISP2F50,heat_shock,Freshwater
29,sediment,142AF-12,ISP2F50,heat_shock,Freshwater
29,sediment,142AF-13,ISP2F50,heat_shock,Freshwater
29,sediment,142AF-14,ISP2F50,heat_shock,Freshwater
29,sediment,142AF-15,ISP2F50,heat_shock,Freshwater
29,sediment,142BM-1,A1M50,heat_shock,Marine_water
29,sediment,142BM-2,A1M50,heat_shock,Marine_water
29,sediment,142BM-3,A1M50,heat_shock,Marine_water
29,sediment,142BM-4,ISP2M50,heat_shock,Marine_water
29,sediment,142BM-5-Micrococcus luteus,ISP2M50,heat_shock,Marine_water
29,sediment,142BM-6,NZSGM,heat_shock,Marine_water
29,sediment,142BM-7,NZSGM,heat_shock,Marine_water
29,sediment,142BF-16-Rhodococcus sp.,LWA,heat_shock,Freshwater
29,sediment,142BF-17,LWA,heat_shock,Freshwater
29,sediment,142BF-18,LWA,heat_shock,Freshwater
29,sediment,142BF-19,LWA,heat_shock,Freshwater
29,sediment,142BF-20,LWA,heat_shock,Freshwater
29,sediment,142BF-21,LWA,heat_shock,Freshwater
29,sediment,142BF-22,LWA,heat_shock,Freshwater
29,sediment,142BF-23,LWA,heat_shock,Freshwater
29,sediment,142BF-24,LWA,heat_shock,Freshwater
29,sediment,142BF-25,LWA,heat_shock,Freshwater
29,sediment,142BF-26,LWA,heat_shock,Freshwater
29,sediment,142BF-27,LWA,heat_shock,Freshwater
29,sediment,142BF-28,LWA,heat_shock,Freshwater
29,sediment,142BF-29,LWA,heat_shock,Freshwater
29,sediment,142BF-30,LWA,heat_shock,Freshwater
29,sediment,142BF-31,LWA,heat_shock,Freshwater
29,sediment,142BF-32,LWA,heat_shock,Freshwater
29,sediment,142BF-33,LWA,heat_shock,Freshwater
29,sediment,142BF-34,LWA,heat_shock,Freshwater
29,sediment,142BF-35,LWA,heat_shock,Freshwater
29,sediment,142BF-36,LWA,heat_shock,Freshwater
29,sediment,142BF-37,LWA,heat_shock,Freshwater
29,sediment,142BF-38,LWA,heat_shock,Freshwater
29,sediment,142BF-39,LWA,heat_shock,Freshwater
29,sediment,142BF-40,LWA,heat_shock,Freshwater
29,sediment,142BF-41,LWA,heat_shock,Freshwater
30,nudabrach,143A-1,A1M50,heat_shock,Marine_water
30,white_eggs_from_beitukongur,143B-EGGS1,A1M50,no_heat_shock,Marine_water
30,white_eggs_from_beitukongur,143B-EGGS2,A1M50,no_heat_shock,Marine_water
30,white_eggs_from_beitukongur,143B-EGGS3,A1M50,no_heat_shock,Marine_water
30,white_eggs_from_beitukongur,143B-EGGS4,A1M50,no_heat_shock,Marine_water
30,white_eggs_from_beitukongur,143B-EGGS5,A1M50,no_heat_shock,Marine_water
30,white_eggs_from_beitukongur,143B-EGGS6,A1M50,no_heat_shock,Marine_water
30,white_eggs_from_beitukongur,143B-EGGS7-Pseudomonas mendocina,A1M50,no_heat_shock,Marine_water
